CREATE DATABASE  IF NOT EXISTS `oa_service` /*!40100 DEFAULT CHARACTER SET utf8mb4 COLLATE utf8mb4_unicode_ci */ /*!80016 DEFAULT ENCRYPTION='N' */;
USE `oa_service`;
-- MySQL dump 10.13  Distrib 8.0.41, for Win64 (x86_64)
--
-- Host: localhost    Database: oa_service
-- ------------------------------------------------------
-- Server version	8.0.41

/*!40101 SET @OLD_CHARACTER_SET_CLIENT=@@CHARACTER_SET_CLIENT */;
/*!40101 SET @OLD_CHARACTER_SET_RESULTS=@@CHARACTER_SET_RESULTS */;
/*!40101 SET @OLD_COLLATION_CONNECTION=@@COLLATION_CONNECTION */;
/*!50503 SET NAMES utf8 */;
/*!40103 SET @OLD_TIME_ZONE=@@TIME_ZONE */;
/*!40103 SET TIME_ZONE='+00:00' */;
/*!40014 SET @OLD_UNIQUE_CHECKS=@@UNIQUE_CHECKS, UNIQUE_CHECKS=0 */;
/*!40014 SET @OLD_FOREIGN_KEY_CHECKS=@@FOREIGN_KEY_CHECKS, FOREIGN_KEY_CHECKS=0 */;
/*!40101 SET @OLD_SQL_MODE=@@SQL_MODE, SQL_MODE='NO_AUTO_VALUE_ON_ZERO' */;
/*!40111 SET @OLD_SQL_NOTES=@@SQL_NOTES, SQL_NOTES=0 */;

--
-- Table structure for table `act_app_appdef`
--

DROP TABLE IF EXISTS `act_app_appdef`;
/*!40101 SET @saved_cs_client     = @@character_set_client */;
/*!50503 SET character_set_client = utf8mb4 */;
CREATE TABLE `act_app_appdef` (
  `ID_` varchar(255) COLLATE utf8mb4_unicode_ci NOT NULL,
  `REV_` int NOT NULL,
  `NAME_` varchar(255) COLLATE utf8mb4_unicode_ci DEFAULT NULL,
  `KEY_` varchar(255) COLLATE utf8mb4_unicode_ci NOT NULL,
  `VERSION_` int NOT NULL,
  `CATEGORY_` varchar(255) COLLATE utf8mb4_unicode_ci DEFAULT NULL,
  `DEPLOYMENT_ID_` varchar(255) COLLATE utf8mb4_unicode_ci DEFAULT NULL,
  `RESOURCE_NAME_` varchar(4000) COLLATE utf8mb4_unicode_ci DEFAULT NULL,
  `DESCRIPTION_` varchar(4000) COLLATE utf8mb4_unicode_ci DEFAULT NULL,
  `TENANT_ID_` varchar(255) COLLATE utf8mb4_unicode_ci DEFAULT '',
  PRIMARY KEY (`ID_`),
  UNIQUE KEY `ACT_IDX_APP_DEF_UNIQ` (`KEY_`,`VERSION_`,`TENANT_ID_`),
  KEY `ACT_IDX_APP_DEF_DPLY` (`DEPLOYMENT_ID_`),
  CONSTRAINT `ACT_FK_APP_DEF_DPLY` FOREIGN KEY (`DEPLOYMENT_ID_`) REFERENCES `act_app_deployment` (`ID_`)
) ENGINE=InnoDB DEFAULT CHARSET=utf8mb4 COLLATE=utf8mb4_unicode_ci;
/*!40101 SET character_set_client = @saved_cs_client */;

--
-- Dumping data for table `act_app_appdef`
--

LOCK TABLES `act_app_appdef` WRITE;
/*!40000 ALTER TABLE `act_app_appdef` DISABLE KEYS */;
/*!40000 ALTER TABLE `act_app_appdef` ENABLE KEYS */;
UNLOCK TABLES;

--
-- Table structure for table `act_app_databasechangelog`
--

DROP TABLE IF EXISTS `act_app_databasechangelog`;
/*!40101 SET @saved_cs_client     = @@character_set_client */;
/*!50503 SET character_set_client = utf8mb4 */;
CREATE TABLE `act_app_databasechangelog` (
  `ID` varchar(255) COLLATE utf8mb4_unicode_ci NOT NULL,
  `AUTHOR` varchar(255) COLLATE utf8mb4_unicode_ci NOT NULL,
  `FILENAME` varchar(255) COLLATE utf8mb4_unicode_ci NOT NULL,
  `DATEEXECUTED` datetime NOT NULL,
  `ORDEREXECUTED` int NOT NULL,
  `EXECTYPE` varchar(10) COLLATE utf8mb4_unicode_ci NOT NULL,
  `MD5SUM` varchar(35) COLLATE utf8mb4_unicode_ci DEFAULT NULL,
  `DESCRIPTION` varchar(255) COLLATE utf8mb4_unicode_ci DEFAULT NULL,
  `COMMENTS` varchar(255) COLLATE utf8mb4_unicode_ci DEFAULT NULL,
  `TAG` varchar(255) COLLATE utf8mb4_unicode_ci DEFAULT NULL,
  `LIQUIBASE` varchar(20) COLLATE utf8mb4_unicode_ci DEFAULT NULL,
  `CONTEXTS` varchar(255) COLLATE utf8mb4_unicode_ci DEFAULT NULL,
  `LABELS` varchar(255) COLLATE utf8mb4_unicode_ci DEFAULT NULL,
  `DEPLOYMENT_ID` varchar(10) COLLATE utf8mb4_unicode_ci DEFAULT NULL
) ENGINE=InnoDB DEFAULT CHARSET=utf8mb4 COLLATE=utf8mb4_unicode_ci;
/*!40101 SET character_set_client = @saved_cs_client */;

--
-- Dumping data for table `act_app_databasechangelog`
--

LOCK TABLES `act_app_databasechangelog` WRITE;
/*!40000 ALTER TABLE `act_app_databasechangelog` DISABLE KEYS */;
INSERT INTO `act_app_databasechangelog` VALUES ('1','flowable','org/flowable/app/db/liquibase/flowable-app-db-changelog.xml','2025-10-27 11:03:52',1,'EXECUTED','8:496fc778bdf2ab13f2e1926d0e63e0a2','createTable tableName=ACT_APP_DEPLOYMENT; createTable tableName=ACT_APP_DEPLOYMENT_RESOURCE; addForeignKeyConstraint baseTableName=ACT_APP_DEPLOYMENT_RESOURCE, constraintName=ACT_FK_APP_RSRC_DPL, referencedTableName=ACT_APP_DEPLOYMENT; createIndex...','',NULL,'4.5.0',NULL,NULL,'1534231905'),('2','flowable','org/flowable/app/db/liquibase/flowable-app-db-changelog.xml','2025-10-27 11:03:52',2,'EXECUTED','8:ccea9ebfb6c1f8367ca4dd473fcbb7db','modifyDataType columnName=DEPLOY_TIME_, tableName=ACT_APP_DEPLOYMENT','',NULL,'4.5.0',NULL,NULL,'1534231905'),('3','flowable','org/flowable/app/db/liquibase/flowable-app-db-changelog.xml','2025-10-27 11:03:52',3,'EXECUTED','8:f1f8aff320aade831944ebad24355f3d','createIndex indexName=ACT_IDX_APP_DEF_UNIQ, tableName=ACT_APP_APPDEF','',NULL,'4.5.0',NULL,NULL,'1534231905');
/*!40000 ALTER TABLE `act_app_databasechangelog` ENABLE KEYS */;
UNLOCK TABLES;

--
-- Table structure for table `act_app_databasechangeloglock`
--

DROP TABLE IF EXISTS `act_app_databasechangeloglock`;
/*!40101 SET @saved_cs_client     = @@character_set_client */;
/*!50503 SET character_set_client = utf8mb4 */;
CREATE TABLE `act_app_databasechangeloglock` (
  `ID` int NOT NULL,
  `LOCKED` bit(1) NOT NULL,
  `LOCKGRANTED` datetime DEFAULT NULL,
  `LOCKEDBY` varchar(255) COLLATE utf8mb4_unicode_ci DEFAULT NULL,
  PRIMARY KEY (`ID`)
) ENGINE=InnoDB DEFAULT CHARSET=utf8mb4 COLLATE=utf8mb4_unicode_ci;
/*!40101 SET character_set_client = @saved_cs_client */;

--
-- Dumping data for table `act_app_databasechangeloglock`
--

LOCK TABLES `act_app_databasechangeloglock` WRITE;
/*!40000 ALTER TABLE `act_app_databasechangeloglock` DISABLE KEYS */;
INSERT INTO `act_app_databasechangeloglock` VALUES (1,_binary '\0',NULL,NULL);
/*!40000 ALTER TABLE `act_app_databasechangeloglock` ENABLE KEYS */;
UNLOCK TABLES;

--
-- Table structure for table `act_app_deployment`
--

DROP TABLE IF EXISTS `act_app_deployment`;
/*!40101 SET @saved_cs_client     = @@character_set_client */;
/*!50503 SET character_set_client = utf8mb4 */;
CREATE TABLE `act_app_deployment` (
  `ID_` varchar(255) COLLATE utf8mb4_unicode_ci NOT NULL,
  `NAME_` varchar(255) COLLATE utf8mb4_unicode_ci DEFAULT NULL,
  `CATEGORY_` varchar(255) COLLATE utf8mb4_unicode_ci DEFAULT NULL,
  `KEY_` varchar(255) COLLATE utf8mb4_unicode_ci DEFAULT NULL,
  `DEPLOY_TIME_` datetime(3) DEFAULT NULL,
  `TENANT_ID_` varchar(255) COLLATE utf8mb4_unicode_ci DEFAULT '',
  PRIMARY KEY (`ID_`)
) ENGINE=InnoDB DEFAULT CHARSET=utf8mb4 COLLATE=utf8mb4_unicode_ci;
/*!40101 SET character_set_client = @saved_cs_client */;

--
-- Dumping data for table `act_app_deployment`
--

LOCK TABLES `act_app_deployment` WRITE;
/*!40000 ALTER TABLE `act_app_deployment` DISABLE KEYS */;
/*!40000 ALTER TABLE `act_app_deployment` ENABLE KEYS */;
UNLOCK TABLES;

--
-- Table structure for table `act_app_deployment_resource`
--

DROP TABLE IF EXISTS `act_app_deployment_resource`;
/*!40101 SET @saved_cs_client     = @@character_set_client */;
/*!50503 SET character_set_client = utf8mb4 */;
CREATE TABLE `act_app_deployment_resource` (
  `ID_` varchar(255) COLLATE utf8mb4_unicode_ci NOT NULL,
  `NAME_` varchar(255) COLLATE utf8mb4_unicode_ci DEFAULT NULL,
  `DEPLOYMENT_ID_` varchar(255) COLLATE utf8mb4_unicode_ci DEFAULT NULL,
  `RESOURCE_BYTES_` longblob,
  PRIMARY KEY (`ID_`),
  KEY `ACT_IDX_APP_RSRC_DPL` (`DEPLOYMENT_ID_`),
  CONSTRAINT `ACT_FK_APP_RSRC_DPL` FOREIGN KEY (`DEPLOYMENT_ID_`) REFERENCES `act_app_deployment` (`ID_`)
) ENGINE=InnoDB DEFAULT CHARSET=utf8mb4 COLLATE=utf8mb4_unicode_ci;
/*!40101 SET character_set_client = @saved_cs_client */;

--
-- Dumping data for table `act_app_deployment_resource`
--

LOCK TABLES `act_app_deployment_resource` WRITE;
/*!40000 ALTER TABLE `act_app_deployment_resource` DISABLE KEYS */;
/*!40000 ALTER TABLE `act_app_deployment_resource` ENABLE KEYS */;
UNLOCK TABLES;

--
-- Table structure for table `act_cmmn_casedef`
--

DROP TABLE IF EXISTS `act_cmmn_casedef`;
/*!40101 SET @saved_cs_client     = @@character_set_client */;
/*!50503 SET character_set_client = utf8mb4 */;
CREATE TABLE `act_cmmn_casedef` (
  `ID_` varchar(255) COLLATE utf8mb4_unicode_ci NOT NULL,
  `REV_` int NOT NULL,
  `NAME_` varchar(255) COLLATE utf8mb4_unicode_ci DEFAULT NULL,
  `KEY_` varchar(255) COLLATE utf8mb4_unicode_ci NOT NULL,
  `VERSION_` int NOT NULL,
  `CATEGORY_` varchar(255) COLLATE utf8mb4_unicode_ci DEFAULT NULL,
  `DEPLOYMENT_ID_` varchar(255) COLLATE utf8mb4_unicode_ci DEFAULT NULL,
  `RESOURCE_NAME_` varchar(4000) COLLATE utf8mb4_unicode_ci DEFAULT NULL,
  `DESCRIPTION_` varchar(4000) COLLATE utf8mb4_unicode_ci DEFAULT NULL,
  `HAS_GRAPHICAL_NOTATION_` bit(1) DEFAULT NULL,
  `TENANT_ID_` varchar(255) COLLATE utf8mb4_unicode_ci DEFAULT '',
  `DGRM_RESOURCE_NAME_` varchar(4000) COLLATE utf8mb4_unicode_ci DEFAULT NULL,
  `HAS_START_FORM_KEY_` bit(1) DEFAULT NULL,
  PRIMARY KEY (`ID_`),
  UNIQUE KEY `ACT_IDX_CASE_DEF_UNIQ` (`KEY_`,`VERSION_`,`TENANT_ID_`),
  KEY `ACT_IDX_CASE_DEF_DPLY` (`DEPLOYMENT_ID_`),
  CONSTRAINT `ACT_FK_CASE_DEF_DPLY` FOREIGN KEY (`DEPLOYMENT_ID_`) REFERENCES `act_cmmn_deployment` (`ID_`)
) ENGINE=InnoDB DEFAULT CHARSET=utf8mb4 COLLATE=utf8mb4_unicode_ci;
/*!40101 SET character_set_client = @saved_cs_client */;

--
-- Dumping data for table `act_cmmn_casedef`
--

LOCK TABLES `act_cmmn_casedef` WRITE;
/*!40000 ALTER TABLE `act_cmmn_casedef` DISABLE KEYS */;
/*!40000 ALTER TABLE `act_cmmn_casedef` ENABLE KEYS */;
UNLOCK TABLES;

--
-- Table structure for table `act_cmmn_databasechangelog`
--

DROP TABLE IF EXISTS `act_cmmn_databasechangelog`;
/*!40101 SET @saved_cs_client     = @@character_set_client */;
/*!50503 SET character_set_client = utf8mb4 */;
CREATE TABLE `act_cmmn_databasechangelog` (
  `ID` varchar(255) COLLATE utf8mb4_unicode_ci NOT NULL,
  `AUTHOR` varchar(255) COLLATE utf8mb4_unicode_ci NOT NULL,
  `FILENAME` varchar(255) COLLATE utf8mb4_unicode_ci NOT NULL,
  `DATEEXECUTED` datetime NOT NULL,
  `ORDEREXECUTED` int NOT NULL,
  `EXECTYPE` varchar(10) COLLATE utf8mb4_unicode_ci NOT NULL,
  `MD5SUM` varchar(35) COLLATE utf8mb4_unicode_ci DEFAULT NULL,
  `DESCRIPTION` varchar(255) COLLATE utf8mb4_unicode_ci DEFAULT NULL,
  `COMMENTS` varchar(255) COLLATE utf8mb4_unicode_ci DEFAULT NULL,
  `TAG` varchar(255) COLLATE utf8mb4_unicode_ci DEFAULT NULL,
  `LIQUIBASE` varchar(20) COLLATE utf8mb4_unicode_ci DEFAULT NULL,
  `CONTEXTS` varchar(255) COLLATE utf8mb4_unicode_ci DEFAULT NULL,
  `LABELS` varchar(255) COLLATE utf8mb4_unicode_ci DEFAULT NULL,
  `DEPLOYMENT_ID` varchar(10) COLLATE utf8mb4_unicode_ci DEFAULT NULL
) ENGINE=InnoDB DEFAULT CHARSET=utf8mb4 COLLATE=utf8mb4_unicode_ci;
/*!40101 SET character_set_client = @saved_cs_client */;

--
-- Dumping data for table `act_cmmn_databasechangelog`
--

LOCK TABLES `act_cmmn_databasechangelog` WRITE;
/*!40000 ALTER TABLE `act_cmmn_databasechangelog` DISABLE KEYS */;
INSERT INTO `act_cmmn_databasechangelog` VALUES ('1','flowable','org/flowable/cmmn/db/liquibase/flowable-cmmn-db-changelog.xml','2025-10-27 11:03:47',1,'EXECUTED','8:8b4b922d90b05ff27483abefc9597aa6','createTable tableName=ACT_CMMN_DEPLOYMENT; createTable tableName=ACT_CMMN_DEPLOYMENT_RESOURCE; addForeignKeyConstraint baseTableName=ACT_CMMN_DEPLOYMENT_RESOURCE, constraintName=ACT_FK_CMMN_RSRC_DPL, referencedTableName=ACT_CMMN_DEPLOYMENT; create...','',NULL,'4.5.0',NULL,NULL,'1534226939'),('2','flowable','org/flowable/cmmn/db/liquibase/flowable-cmmn-db-changelog.xml','2025-10-27 11:03:48',2,'EXECUTED','8:65e39b3d385706bb261cbeffe7533cbe','addColumn tableName=ACT_CMMN_CASEDEF; addColumn tableName=ACT_CMMN_DEPLOYMENT_RESOURCE; addColumn tableName=ACT_CMMN_RU_CASE_INST; addColumn tableName=ACT_CMMN_RU_PLAN_ITEM_INST','',NULL,'4.5.0',NULL,NULL,'1534226939'),('3','flowable','org/flowable/cmmn/db/liquibase/flowable-cmmn-db-changelog.xml','2025-10-27 11:03:48',3,'EXECUTED','8:c01f6e802b49436b4489040da3012359','addColumn tableName=ACT_CMMN_RU_PLAN_ITEM_INST; addColumn tableName=ACT_CMMN_RU_CASE_INST; createIndex indexName=ACT_IDX_PLAN_ITEM_STAGE_INST, tableName=ACT_CMMN_RU_PLAN_ITEM_INST; addColumn tableName=ACT_CMMN_RU_PLAN_ITEM_INST; addColumn tableNam...','',NULL,'4.5.0',NULL,NULL,'1534226939'),('4','flowable','org/flowable/cmmn/db/liquibase/flowable-cmmn-db-changelog.xml','2025-10-27 11:03:48',4,'EXECUTED','8:e40d29cb79345b7fb5afd38a7f0ba8fc','createTable tableName=ACT_CMMN_HI_PLAN_ITEM_INST; addColumn tableName=ACT_CMMN_RU_MIL_INST; addColumn tableName=ACT_CMMN_HI_MIL_INST','',NULL,'4.5.0',NULL,NULL,'1534226939'),('5','flowable','org/flowable/cmmn/db/liquibase/flowable-cmmn-db-changelog.xml','2025-10-27 11:03:49',5,'EXECUTED','8:70349de472f87368dcdec971a10311a0','modifyDataType columnName=DEPLOY_TIME_, tableName=ACT_CMMN_DEPLOYMENT; modifyDataType columnName=START_TIME_, tableName=ACT_CMMN_RU_CASE_INST; modifyDataType columnName=START_TIME_, tableName=ACT_CMMN_RU_PLAN_ITEM_INST; modifyDataType columnName=T...','',NULL,'4.5.0',NULL,NULL,'1534226939'),('6','flowable','org/flowable/cmmn/db/liquibase/flowable-cmmn-db-changelog.xml','2025-10-27 11:03:49',6,'EXECUTED','8:10e82e26a7fee94c32a92099c059c18c','createIndex indexName=ACT_IDX_CASE_DEF_UNIQ, tableName=ACT_CMMN_CASEDEF','',NULL,'4.5.0',NULL,NULL,'1534226939'),('7','flowable','org/flowable/cmmn/db/liquibase/flowable-cmmn-db-changelog.xml','2025-10-27 11:03:49',7,'EXECUTED','8:530bc81a1e30618ccf4a2da1f7c6c043','renameColumn newColumnName=CREATE_TIME_, oldColumnName=START_TIME_, tableName=ACT_CMMN_RU_PLAN_ITEM_INST; renameColumn newColumnName=CREATE_TIME_, oldColumnName=CREATED_TIME_, tableName=ACT_CMMN_HI_PLAN_ITEM_INST; addColumn tableName=ACT_CMMN_RU_P...','',NULL,'4.5.0',NULL,NULL,'1534226939'),('8','flowable','org/flowable/cmmn/db/liquibase/flowable-cmmn-db-changelog.xml','2025-10-27 11:03:49',8,'EXECUTED','8:e8c2eb1ce28bc301efe07e0e29757781','addColumn tableName=ACT_CMMN_HI_PLAN_ITEM_INST','',NULL,'4.5.0',NULL,NULL,'1534226939'),('9','flowable','org/flowable/cmmn/db/liquibase/flowable-cmmn-db-changelog.xml','2025-10-27 11:03:49',9,'EXECUTED','8:4cb4782b9bdec5ced2a64c525aa7b3a0','addColumn tableName=ACT_CMMN_RU_PLAN_ITEM_INST; addColumn tableName=ACT_CMMN_HI_PLAN_ITEM_INST','',NULL,'4.5.0',NULL,NULL,'1534226939'),('10','flowable','org/flowable/cmmn/db/liquibase/flowable-cmmn-db-changelog.xml','2025-10-27 11:03:49',10,'EXECUTED','8:341c16be247f5d17badc9809da8691f9','addColumn tableName=ACT_CMMN_RU_CASE_INST; addColumn tableName=ACT_CMMN_RU_CASE_INST; createIndex indexName=ACT_IDX_CASE_INST_REF_ID_, tableName=ACT_CMMN_RU_CASE_INST; addColumn tableName=ACT_CMMN_HI_CASE_INST; addColumn tableName=ACT_CMMN_HI_CASE...','',NULL,'4.5.0',NULL,NULL,'1534226939'),('11','flowable','org/flowable/cmmn/db/liquibase/flowable-cmmn-db-changelog.xml','2025-10-27 11:03:50',11,'EXECUTED','8:d7c4da9276bcfffbfb0ebfb25e3f7b05','addColumn tableName=ACT_CMMN_RU_PLAN_ITEM_INST; addColumn tableName=ACT_CMMN_HI_PLAN_ITEM_INST','',NULL,'4.5.0',NULL,NULL,'1534226939'),('12','flowable','org/flowable/cmmn/db/liquibase/flowable-cmmn-db-changelog.xml','2025-10-27 11:03:50',12,'EXECUTED','8:adf4ecc45f2aa9a44a5626b02e1d6f98','addColumn tableName=ACT_CMMN_RU_CASE_INST','',NULL,'4.5.0',NULL,NULL,'1534226939'),('13','flowable','org/flowable/cmmn/db/liquibase/flowable-cmmn-db-changelog.xml','2025-10-27 11:03:50',13,'EXECUTED','8:7550626f964ab5518464709408333ec1','addColumn tableName=ACT_CMMN_RU_PLAN_ITEM_INST; addColumn tableName=ACT_CMMN_HI_PLAN_ITEM_INST','',NULL,'4.5.0',NULL,NULL,'1534226939'),('14','flowable','org/flowable/cmmn/db/liquibase/flowable-cmmn-db-changelog.xml','2025-10-27 11:03:50',14,'EXECUTED','8:086b40b3a05596dcc8a8d7479922d494','addColumn tableName=ACT_CMMN_RU_CASE_INST; addColumn tableName=ACT_CMMN_HI_CASE_INST','',NULL,'4.5.0',NULL,NULL,'1534226939'),('16','flowable','org/flowable/cmmn/db/liquibase/flowable-cmmn-db-changelog.xml','2025-10-27 11:03:50',15,'EXECUTED','8:a697a222ddd99dd15b36516a252f1c63','addColumn tableName=ACT_CMMN_RU_CASE_INST; addColumn tableName=ACT_CMMN_HI_CASE_INST','',NULL,'4.5.0',NULL,NULL,'1534226939'),('17','flowable','org/flowable/cmmn/db/liquibase/flowable-cmmn-db-changelog.xml','2025-10-27 11:03:50',16,'EXECUTED','8:d3706c5813a9b97fd2a59d12a9523946','createIndex indexName=ACT_IDX_HI_CASE_INST_END, tableName=ACT_CMMN_HI_CASE_INST','',NULL,'4.5.0',NULL,NULL,'1534226939');
/*!40000 ALTER TABLE `act_cmmn_databasechangelog` ENABLE KEYS */;
UNLOCK TABLES;

--
-- Table structure for table `act_cmmn_databasechangeloglock`
--

DROP TABLE IF EXISTS `act_cmmn_databasechangeloglock`;
/*!40101 SET @saved_cs_client     = @@character_set_client */;
/*!50503 SET character_set_client = utf8mb4 */;
CREATE TABLE `act_cmmn_databasechangeloglock` (
  `ID` int NOT NULL,
  `LOCKED` bit(1) NOT NULL,
  `LOCKGRANTED` datetime DEFAULT NULL,
  `LOCKEDBY` varchar(255) COLLATE utf8mb4_unicode_ci DEFAULT NULL,
  PRIMARY KEY (`ID`)
) ENGINE=InnoDB DEFAULT CHARSET=utf8mb4 COLLATE=utf8mb4_unicode_ci;
/*!40101 SET character_set_client = @saved_cs_client */;

--
-- Dumping data for table `act_cmmn_databasechangeloglock`
--

LOCK TABLES `act_cmmn_databasechangeloglock` WRITE;
/*!40000 ALTER TABLE `act_cmmn_databasechangeloglock` DISABLE KEYS */;
INSERT INTO `act_cmmn_databasechangeloglock` VALUES (1,_binary '\0',NULL,NULL);
/*!40000 ALTER TABLE `act_cmmn_databasechangeloglock` ENABLE KEYS */;
UNLOCK TABLES;

--
-- Table structure for table `act_cmmn_deployment`
--

DROP TABLE IF EXISTS `act_cmmn_deployment`;
/*!40101 SET @saved_cs_client     = @@character_set_client */;
/*!50503 SET character_set_client = utf8mb4 */;
CREATE TABLE `act_cmmn_deployment` (
  `ID_` varchar(255) COLLATE utf8mb4_unicode_ci NOT NULL,
  `NAME_` varchar(255) COLLATE utf8mb4_unicode_ci DEFAULT NULL,
  `CATEGORY_` varchar(255) COLLATE utf8mb4_unicode_ci DEFAULT NULL,
  `KEY_` varchar(255) COLLATE utf8mb4_unicode_ci DEFAULT NULL,
  `DEPLOY_TIME_` datetime(3) DEFAULT NULL,
  `PARENT_DEPLOYMENT_ID_` varchar(255) COLLATE utf8mb4_unicode_ci DEFAULT NULL,
  `TENANT_ID_` varchar(255) COLLATE utf8mb4_unicode_ci DEFAULT '',
  PRIMARY KEY (`ID_`)
) ENGINE=InnoDB DEFAULT CHARSET=utf8mb4 COLLATE=utf8mb4_unicode_ci;
/*!40101 SET character_set_client = @saved_cs_client */;

--
-- Dumping data for table `act_cmmn_deployment`
--

LOCK TABLES `act_cmmn_deployment` WRITE;
/*!40000 ALTER TABLE `act_cmmn_deployment` DISABLE KEYS */;
/*!40000 ALTER TABLE `act_cmmn_deployment` ENABLE KEYS */;
UNLOCK TABLES;

--
-- Table structure for table `act_cmmn_deployment_resource`
--

DROP TABLE IF EXISTS `act_cmmn_deployment_resource`;
/*!40101 SET @saved_cs_client     = @@character_set_client */;
/*!50503 SET character_set_client = utf8mb4 */;
CREATE TABLE `act_cmmn_deployment_resource` (
  `ID_` varchar(255) COLLATE utf8mb4_unicode_ci NOT NULL,
  `NAME_` varchar(255) COLLATE utf8mb4_unicode_ci DEFAULT NULL,
  `DEPLOYMENT_ID_` varchar(255) COLLATE utf8mb4_unicode_ci DEFAULT NULL,
  `RESOURCE_BYTES_` longblob,
  `GENERATED_` bit(1) DEFAULT NULL,
  PRIMARY KEY (`ID_`),
  KEY `ACT_IDX_CMMN_RSRC_DPL` (`DEPLOYMENT_ID_`),
  CONSTRAINT `ACT_FK_CMMN_RSRC_DPL` FOREIGN KEY (`DEPLOYMENT_ID_`) REFERENCES `act_cmmn_deployment` (`ID_`)
) ENGINE=InnoDB DEFAULT CHARSET=utf8mb4 COLLATE=utf8mb4_unicode_ci;
/*!40101 SET character_set_client = @saved_cs_client */;

--
-- Dumping data for table `act_cmmn_deployment_resource`
--

LOCK TABLES `act_cmmn_deployment_resource` WRITE;
/*!40000 ALTER TABLE `act_cmmn_deployment_resource` DISABLE KEYS */;
/*!40000 ALTER TABLE `act_cmmn_deployment_resource` ENABLE KEYS */;
UNLOCK TABLES;

--
-- Table structure for table `act_cmmn_hi_case_inst`
--

DROP TABLE IF EXISTS `act_cmmn_hi_case_inst`;
/*!40101 SET @saved_cs_client     = @@character_set_client */;
/*!50503 SET character_set_client = utf8mb4 */;
CREATE TABLE `act_cmmn_hi_case_inst` (
  `ID_` varchar(255) COLLATE utf8mb4_unicode_ci NOT NULL,
  `REV_` int NOT NULL,
  `BUSINESS_KEY_` varchar(255) COLLATE utf8mb4_unicode_ci DEFAULT NULL,
  `NAME_` varchar(255) COLLATE utf8mb4_unicode_ci DEFAULT NULL,
  `PARENT_ID_` varchar(255) COLLATE utf8mb4_unicode_ci DEFAULT NULL,
  `CASE_DEF_ID_` varchar(255) COLLATE utf8mb4_unicode_ci DEFAULT NULL,
  `STATE_` varchar(255) COLLATE utf8mb4_unicode_ci DEFAULT NULL,
  `START_TIME_` datetime(3) DEFAULT NULL,
  `END_TIME_` datetime(3) DEFAULT NULL,
  `START_USER_ID_` varchar(255) COLLATE utf8mb4_unicode_ci DEFAULT NULL,
  `CALLBACK_ID_` varchar(255) COLLATE utf8mb4_unicode_ci DEFAULT NULL,
  `CALLBACK_TYPE_` varchar(255) COLLATE utf8mb4_unicode_ci DEFAULT NULL,
  `TENANT_ID_` varchar(255) COLLATE utf8mb4_unicode_ci DEFAULT '',
  `REFERENCE_ID_` varchar(255) COLLATE utf8mb4_unicode_ci DEFAULT NULL,
  `REFERENCE_TYPE_` varchar(255) COLLATE utf8mb4_unicode_ci DEFAULT NULL,
  `LAST_REACTIVATION_TIME_` datetime(3) DEFAULT NULL,
  `LAST_REACTIVATION_USER_ID_` varchar(255) COLLATE utf8mb4_unicode_ci DEFAULT NULL,
  `BUSINESS_STATUS_` varchar(255) COLLATE utf8mb4_unicode_ci DEFAULT NULL,
  PRIMARY KEY (`ID_`),
  KEY `ACT_IDX_HI_CASE_INST_END` (`END_TIME_`)
) ENGINE=InnoDB DEFAULT CHARSET=utf8mb4 COLLATE=utf8mb4_unicode_ci;
/*!40101 SET character_set_client = @saved_cs_client */;

--
-- Dumping data for table `act_cmmn_hi_case_inst`
--

LOCK TABLES `act_cmmn_hi_case_inst` WRITE;
/*!40000 ALTER TABLE `act_cmmn_hi_case_inst` DISABLE KEYS */;
/*!40000 ALTER TABLE `act_cmmn_hi_case_inst` ENABLE KEYS */;
UNLOCK TABLES;

--
-- Table structure for table `act_cmmn_hi_mil_inst`
--

DROP TABLE IF EXISTS `act_cmmn_hi_mil_inst`;
/*!40101 SET @saved_cs_client     = @@character_set_client */;
/*!50503 SET character_set_client = utf8mb4 */;
CREATE TABLE `act_cmmn_hi_mil_inst` (
  `ID_` varchar(255) COLLATE utf8mb4_unicode_ci NOT NULL,
  `REV_` int NOT NULL,
  `NAME_` varchar(255) COLLATE utf8mb4_unicode_ci NOT NULL,
  `TIME_STAMP_` datetime(3) DEFAULT NULL,
  `CASE_INST_ID_` varchar(255) COLLATE utf8mb4_unicode_ci NOT NULL,
  `CASE_DEF_ID_` varchar(255) COLLATE utf8mb4_unicode_ci NOT NULL,
  `ELEMENT_ID_` varchar(255) COLLATE utf8mb4_unicode_ci NOT NULL,
  `TENANT_ID_` varchar(255) COLLATE utf8mb4_unicode_ci DEFAULT '',
  PRIMARY KEY (`ID_`)
) ENGINE=InnoDB DEFAULT CHARSET=utf8mb4 COLLATE=utf8mb4_unicode_ci;
/*!40101 SET character_set_client = @saved_cs_client */;

--
-- Dumping data for table `act_cmmn_hi_mil_inst`
--

LOCK TABLES `act_cmmn_hi_mil_inst` WRITE;
/*!40000 ALTER TABLE `act_cmmn_hi_mil_inst` DISABLE KEYS */;
/*!40000 ALTER TABLE `act_cmmn_hi_mil_inst` ENABLE KEYS */;
UNLOCK TABLES;

--
-- Table structure for table `act_cmmn_hi_plan_item_inst`
--

DROP TABLE IF EXISTS `act_cmmn_hi_plan_item_inst`;
/*!40101 SET @saved_cs_client     = @@character_set_client */;
/*!50503 SET character_set_client = utf8mb4 */;
CREATE TABLE `act_cmmn_hi_plan_item_inst` (
  `ID_` varchar(255) COLLATE utf8mb4_unicode_ci NOT NULL,
  `REV_` int NOT NULL,
  `NAME_` varchar(255) COLLATE utf8mb4_unicode_ci DEFAULT NULL,
  `STATE_` varchar(255) COLLATE utf8mb4_unicode_ci DEFAULT NULL,
  `CASE_DEF_ID_` varchar(255) COLLATE utf8mb4_unicode_ci DEFAULT NULL,
  `CASE_INST_ID_` varchar(255) COLLATE utf8mb4_unicode_ci DEFAULT NULL,
  `STAGE_INST_ID_` varchar(255) COLLATE utf8mb4_unicode_ci DEFAULT NULL,
  `IS_STAGE_` bit(1) DEFAULT NULL,
  `ELEMENT_ID_` varchar(255) COLLATE utf8mb4_unicode_ci DEFAULT NULL,
  `ITEM_DEFINITION_ID_` varchar(255) COLLATE utf8mb4_unicode_ci DEFAULT NULL,
  `ITEM_DEFINITION_TYPE_` varchar(255) COLLATE utf8mb4_unicode_ci DEFAULT NULL,
  `CREATE_TIME_` datetime(3) DEFAULT NULL,
  `LAST_AVAILABLE_TIME_` datetime(3) DEFAULT NULL,
  `LAST_ENABLED_TIME_` datetime(3) DEFAULT NULL,
  `LAST_DISABLED_TIME_` datetime(3) DEFAULT NULL,
  `LAST_STARTED_TIME_` datetime(3) DEFAULT NULL,
  `LAST_SUSPENDED_TIME_` datetime(3) DEFAULT NULL,
  `COMPLETED_TIME_` datetime(3) DEFAULT NULL,
  `OCCURRED_TIME_` datetime(3) DEFAULT NULL,
  `TERMINATED_TIME_` datetime(3) DEFAULT NULL,
  `EXIT_TIME_` datetime(3) DEFAULT NULL,
  `ENDED_TIME_` datetime(3) DEFAULT NULL,
  `LAST_UPDATED_TIME_` datetime(3) DEFAULT NULL,
  `START_USER_ID_` varchar(255) COLLATE utf8mb4_unicode_ci DEFAULT NULL,
  `REFERENCE_ID_` varchar(255) COLLATE utf8mb4_unicode_ci DEFAULT NULL,
  `REFERENCE_TYPE_` varchar(255) COLLATE utf8mb4_unicode_ci DEFAULT NULL,
  `TENANT_ID_` varchar(255) COLLATE utf8mb4_unicode_ci DEFAULT '',
  `ENTRY_CRITERION_ID_` varchar(255) COLLATE utf8mb4_unicode_ci DEFAULT NULL,
  `EXIT_CRITERION_ID_` varchar(255) COLLATE utf8mb4_unicode_ci DEFAULT NULL,
  `SHOW_IN_OVERVIEW_` bit(1) DEFAULT NULL,
  `EXTRA_VALUE_` varchar(255) COLLATE utf8mb4_unicode_ci DEFAULT NULL,
  `DERIVED_CASE_DEF_ID_` varchar(255) COLLATE utf8mb4_unicode_ci DEFAULT NULL,
  `LAST_UNAVAILABLE_TIME_` datetime(3) DEFAULT NULL,
  PRIMARY KEY (`ID_`)
) ENGINE=InnoDB DEFAULT CHARSET=utf8mb4 COLLATE=utf8mb4_unicode_ci;
/*!40101 SET character_set_client = @saved_cs_client */;

--
-- Dumping data for table `act_cmmn_hi_plan_item_inst`
--

LOCK TABLES `act_cmmn_hi_plan_item_inst` WRITE;
/*!40000 ALTER TABLE `act_cmmn_hi_plan_item_inst` DISABLE KEYS */;
/*!40000 ALTER TABLE `act_cmmn_hi_plan_item_inst` ENABLE KEYS */;
UNLOCK TABLES;

--
-- Table structure for table `act_cmmn_ru_case_inst`
--

DROP TABLE IF EXISTS `act_cmmn_ru_case_inst`;
/*!40101 SET @saved_cs_client     = @@character_set_client */;
/*!50503 SET character_set_client = utf8mb4 */;
CREATE TABLE `act_cmmn_ru_case_inst` (
  `ID_` varchar(255) COLLATE utf8mb4_unicode_ci NOT NULL,
  `REV_` int NOT NULL,
  `BUSINESS_KEY_` varchar(255) COLLATE utf8mb4_unicode_ci DEFAULT NULL,
  `NAME_` varchar(255) COLLATE utf8mb4_unicode_ci DEFAULT NULL,
  `PARENT_ID_` varchar(255) COLLATE utf8mb4_unicode_ci DEFAULT NULL,
  `CASE_DEF_ID_` varchar(255) COLLATE utf8mb4_unicode_ci DEFAULT NULL,
  `STATE_` varchar(255) COLLATE utf8mb4_unicode_ci DEFAULT NULL,
  `START_TIME_` datetime(3) DEFAULT NULL,
  `START_USER_ID_` varchar(255) COLLATE utf8mb4_unicode_ci DEFAULT NULL,
  `CALLBACK_ID_` varchar(255) COLLATE utf8mb4_unicode_ci DEFAULT NULL,
  `CALLBACK_TYPE_` varchar(255) COLLATE utf8mb4_unicode_ci DEFAULT NULL,
  `TENANT_ID_` varchar(255) COLLATE utf8mb4_unicode_ci DEFAULT '',
  `LOCK_TIME_` datetime(3) DEFAULT NULL,
  `IS_COMPLETEABLE_` bit(1) DEFAULT NULL,
  `REFERENCE_ID_` varchar(255) COLLATE utf8mb4_unicode_ci DEFAULT NULL,
  `REFERENCE_TYPE_` varchar(255) COLLATE utf8mb4_unicode_ci DEFAULT NULL,
  `LOCK_OWNER_` varchar(255) COLLATE utf8mb4_unicode_ci DEFAULT NULL,
  `LAST_REACTIVATION_TIME_` datetime(3) DEFAULT NULL,
  `LAST_REACTIVATION_USER_ID_` varchar(255) COLLATE utf8mb4_unicode_ci DEFAULT NULL,
  `BUSINESS_STATUS_` varchar(255) COLLATE utf8mb4_unicode_ci DEFAULT NULL,
  PRIMARY KEY (`ID_`),
  KEY `ACT_IDX_CASE_INST_CASE_DEF` (`CASE_DEF_ID_`),
  KEY `ACT_IDX_CASE_INST_PARENT` (`PARENT_ID_`),
  KEY `ACT_IDX_CASE_INST_REF_ID_` (`REFERENCE_ID_`),
  CONSTRAINT `ACT_FK_CASE_INST_CASE_DEF` FOREIGN KEY (`CASE_DEF_ID_`) REFERENCES `act_cmmn_casedef` (`ID_`)
) ENGINE=InnoDB DEFAULT CHARSET=utf8mb4 COLLATE=utf8mb4_unicode_ci;
/*!40101 SET character_set_client = @saved_cs_client */;

--
-- Dumping data for table `act_cmmn_ru_case_inst`
--

LOCK TABLES `act_cmmn_ru_case_inst` WRITE;
/*!40000 ALTER TABLE `act_cmmn_ru_case_inst` DISABLE KEYS */;
/*!40000 ALTER TABLE `act_cmmn_ru_case_inst` ENABLE KEYS */;
UNLOCK TABLES;

--
-- Table structure for table `act_cmmn_ru_mil_inst`
--

DROP TABLE IF EXISTS `act_cmmn_ru_mil_inst`;
/*!40101 SET @saved_cs_client     = @@character_set_client */;
/*!50503 SET character_set_client = utf8mb4 */;
CREATE TABLE `act_cmmn_ru_mil_inst` (
  `ID_` varchar(255) COLLATE utf8mb4_unicode_ci NOT NULL,
  `NAME_` varchar(255) COLLATE utf8mb4_unicode_ci NOT NULL,
  `TIME_STAMP_` datetime(3) DEFAULT NULL,
  `CASE_INST_ID_` varchar(255) COLLATE utf8mb4_unicode_ci NOT NULL,
  `CASE_DEF_ID_` varchar(255) COLLATE utf8mb4_unicode_ci NOT NULL,
  `ELEMENT_ID_` varchar(255) COLLATE utf8mb4_unicode_ci NOT NULL,
  `TENANT_ID_` varchar(255) COLLATE utf8mb4_unicode_ci DEFAULT '',
  PRIMARY KEY (`ID_`),
  KEY `ACT_IDX_MIL_CASE_DEF` (`CASE_DEF_ID_`),
  KEY `ACT_IDX_MIL_CASE_INST` (`CASE_INST_ID_`),
  CONSTRAINT `ACT_FK_MIL_CASE_DEF` FOREIGN KEY (`CASE_DEF_ID_`) REFERENCES `act_cmmn_casedef` (`ID_`),
  CONSTRAINT `ACT_FK_MIL_CASE_INST` FOREIGN KEY (`CASE_INST_ID_`) REFERENCES `act_cmmn_ru_case_inst` (`ID_`)
) ENGINE=InnoDB DEFAULT CHARSET=utf8mb4 COLLATE=utf8mb4_unicode_ci;
/*!40101 SET character_set_client = @saved_cs_client */;

--
-- Dumping data for table `act_cmmn_ru_mil_inst`
--

LOCK TABLES `act_cmmn_ru_mil_inst` WRITE;
/*!40000 ALTER TABLE `act_cmmn_ru_mil_inst` DISABLE KEYS */;
/*!40000 ALTER TABLE `act_cmmn_ru_mil_inst` ENABLE KEYS */;
UNLOCK TABLES;

--
-- Table structure for table `act_cmmn_ru_plan_item_inst`
--

DROP TABLE IF EXISTS `act_cmmn_ru_plan_item_inst`;
/*!40101 SET @saved_cs_client     = @@character_set_client */;
/*!50503 SET character_set_client = utf8mb4 */;
CREATE TABLE `act_cmmn_ru_plan_item_inst` (
  `ID_` varchar(255) COLLATE utf8mb4_unicode_ci NOT NULL,
  `REV_` int NOT NULL,
  `CASE_DEF_ID_` varchar(255) COLLATE utf8mb4_unicode_ci DEFAULT NULL,
  `CASE_INST_ID_` varchar(255) COLLATE utf8mb4_unicode_ci DEFAULT NULL,
  `STAGE_INST_ID_` varchar(255) COLLATE utf8mb4_unicode_ci DEFAULT NULL,
  `IS_STAGE_` bit(1) DEFAULT NULL,
  `ELEMENT_ID_` varchar(255) COLLATE utf8mb4_unicode_ci DEFAULT NULL,
  `NAME_` varchar(255) COLLATE utf8mb4_unicode_ci DEFAULT NULL,
  `STATE_` varchar(255) COLLATE utf8mb4_unicode_ci DEFAULT NULL,
  `CREATE_TIME_` datetime(3) DEFAULT NULL,
  `START_USER_ID_` varchar(255) COLLATE utf8mb4_unicode_ci DEFAULT NULL,
  `REFERENCE_ID_` varchar(255) COLLATE utf8mb4_unicode_ci DEFAULT NULL,
  `REFERENCE_TYPE_` varchar(255) COLLATE utf8mb4_unicode_ci DEFAULT NULL,
  `TENANT_ID_` varchar(255) COLLATE utf8mb4_unicode_ci DEFAULT '',
  `ITEM_DEFINITION_ID_` varchar(255) COLLATE utf8mb4_unicode_ci DEFAULT NULL,
  `ITEM_DEFINITION_TYPE_` varchar(255) COLLATE utf8mb4_unicode_ci DEFAULT NULL,
  `IS_COMPLETEABLE_` bit(1) DEFAULT NULL,
  `IS_COUNT_ENABLED_` bit(1) DEFAULT NULL,
  `VAR_COUNT_` int DEFAULT NULL,
  `SENTRY_PART_INST_COUNT_` int DEFAULT NULL,
  `LAST_AVAILABLE_TIME_` datetime(3) DEFAULT NULL,
  `LAST_ENABLED_TIME_` datetime(3) DEFAULT NULL,
  `LAST_DISABLED_TIME_` datetime(3) DEFAULT NULL,
  `LAST_STARTED_TIME_` datetime(3) DEFAULT NULL,
  `LAST_SUSPENDED_TIME_` datetime(3) DEFAULT NULL,
  `COMPLETED_TIME_` datetime(3) DEFAULT NULL,
  `OCCURRED_TIME_` datetime(3) DEFAULT NULL,
  `TERMINATED_TIME_` datetime(3) DEFAULT NULL,
  `EXIT_TIME_` datetime(3) DEFAULT NULL,
  `ENDED_TIME_` datetime(3) DEFAULT NULL,
  `ENTRY_CRITERION_ID_` varchar(255) COLLATE utf8mb4_unicode_ci DEFAULT NULL,
  `EXIT_CRITERION_ID_` varchar(255) COLLATE utf8mb4_unicode_ci DEFAULT NULL,
  `EXTRA_VALUE_` varchar(255) COLLATE utf8mb4_unicode_ci DEFAULT NULL,
  `DERIVED_CASE_DEF_ID_` varchar(255) COLLATE utf8mb4_unicode_ci DEFAULT NULL,
  `LAST_UNAVAILABLE_TIME_` datetime(3) DEFAULT NULL,
  PRIMARY KEY (`ID_`),
  KEY `ACT_IDX_PLAN_ITEM_CASE_DEF` (`CASE_DEF_ID_`),
  KEY `ACT_IDX_PLAN_ITEM_CASE_INST` (`CASE_INST_ID_`),
  KEY `ACT_IDX_PLAN_ITEM_STAGE_INST` (`STAGE_INST_ID_`),
  CONSTRAINT `ACT_FK_PLAN_ITEM_CASE_DEF` FOREIGN KEY (`CASE_DEF_ID_`) REFERENCES `act_cmmn_casedef` (`ID_`),
  CONSTRAINT `ACT_FK_PLAN_ITEM_CASE_INST` FOREIGN KEY (`CASE_INST_ID_`) REFERENCES `act_cmmn_ru_case_inst` (`ID_`)
) ENGINE=InnoDB DEFAULT CHARSET=utf8mb4 COLLATE=utf8mb4_unicode_ci;
/*!40101 SET character_set_client = @saved_cs_client */;

--
-- Dumping data for table `act_cmmn_ru_plan_item_inst`
--

LOCK TABLES `act_cmmn_ru_plan_item_inst` WRITE;
/*!40000 ALTER TABLE `act_cmmn_ru_plan_item_inst` DISABLE KEYS */;
/*!40000 ALTER TABLE `act_cmmn_ru_plan_item_inst` ENABLE KEYS */;
UNLOCK TABLES;

--
-- Table structure for table `act_cmmn_ru_sentry_part_inst`
--

DROP TABLE IF EXISTS `act_cmmn_ru_sentry_part_inst`;
/*!40101 SET @saved_cs_client     = @@character_set_client */;
/*!50503 SET character_set_client = utf8mb4 */;
CREATE TABLE `act_cmmn_ru_sentry_part_inst` (
  `ID_` varchar(255) COLLATE utf8mb4_unicode_ci NOT NULL,
  `REV_` int NOT NULL,
  `CASE_DEF_ID_` varchar(255) COLLATE utf8mb4_unicode_ci DEFAULT NULL,
  `CASE_INST_ID_` varchar(255) COLLATE utf8mb4_unicode_ci DEFAULT NULL,
  `PLAN_ITEM_INST_ID_` varchar(255) COLLATE utf8mb4_unicode_ci DEFAULT NULL,
  `ON_PART_ID_` varchar(255) COLLATE utf8mb4_unicode_ci DEFAULT NULL,
  `IF_PART_ID_` varchar(255) COLLATE utf8mb4_unicode_ci DEFAULT NULL,
  `TIME_STAMP_` datetime(3) DEFAULT NULL,
  PRIMARY KEY (`ID_`),
  KEY `ACT_IDX_SENTRY_CASE_DEF` (`CASE_DEF_ID_`),
  KEY `ACT_IDX_SENTRY_CASE_INST` (`CASE_INST_ID_`),
  KEY `ACT_IDX_SENTRY_PLAN_ITEM` (`PLAN_ITEM_INST_ID_`),
  CONSTRAINT `ACT_FK_SENTRY_CASE_DEF` FOREIGN KEY (`CASE_DEF_ID_`) REFERENCES `act_cmmn_casedef` (`ID_`),
  CONSTRAINT `ACT_FK_SENTRY_CASE_INST` FOREIGN KEY (`CASE_INST_ID_`) REFERENCES `act_cmmn_ru_case_inst` (`ID_`),
  CONSTRAINT `ACT_FK_SENTRY_PLAN_ITEM` FOREIGN KEY (`PLAN_ITEM_INST_ID_`) REFERENCES `act_cmmn_ru_plan_item_inst` (`ID_`)
) ENGINE=InnoDB DEFAULT CHARSET=utf8mb4 COLLATE=utf8mb4_unicode_ci;
/*!40101 SET character_set_client = @saved_cs_client */;

--
-- Dumping data for table `act_cmmn_ru_sentry_part_inst`
--

LOCK TABLES `act_cmmn_ru_sentry_part_inst` WRITE;
/*!40000 ALTER TABLE `act_cmmn_ru_sentry_part_inst` DISABLE KEYS */;
/*!40000 ALTER TABLE `act_cmmn_ru_sentry_part_inst` ENABLE KEYS */;
UNLOCK TABLES;

--
-- Table structure for table `act_co_content_item`
--

DROP TABLE IF EXISTS `act_co_content_item`;
/*!40101 SET @saved_cs_client     = @@character_set_client */;
/*!50503 SET character_set_client = utf8mb4 */;
CREATE TABLE `act_co_content_item` (
  `ID_` varchar(255) COLLATE utf8mb4_unicode_ci NOT NULL,
  `NAME_` varchar(255) COLLATE utf8mb4_unicode_ci NOT NULL,
  `MIME_TYPE_` varchar(255) COLLATE utf8mb4_unicode_ci DEFAULT NULL,
  `TASK_ID_` varchar(255) COLLATE utf8mb4_unicode_ci DEFAULT NULL,
  `PROC_INST_ID_` varchar(255) COLLATE utf8mb4_unicode_ci DEFAULT NULL,
  `CONTENT_STORE_ID_` varchar(255) COLLATE utf8mb4_unicode_ci DEFAULT NULL,
  `CONTENT_STORE_NAME_` varchar(255) COLLATE utf8mb4_unicode_ci DEFAULT NULL,
  `FIELD_` varchar(400) COLLATE utf8mb4_unicode_ci DEFAULT NULL,
  `CONTENT_AVAILABLE_` bit(1) DEFAULT b'0',
  `CREATED_` timestamp(6) NULL DEFAULT NULL,
  `CREATED_BY_` varchar(255) COLLATE utf8mb4_unicode_ci DEFAULT NULL,
  `LAST_MODIFIED_` timestamp(6) NULL DEFAULT NULL,
  `LAST_MODIFIED_BY_` varchar(255) COLLATE utf8mb4_unicode_ci DEFAULT NULL,
  `CONTENT_SIZE_` bigint DEFAULT '0',
  `TENANT_ID_` varchar(255) COLLATE utf8mb4_unicode_ci DEFAULT NULL,
  `SCOPE_ID_` varchar(255) COLLATE utf8mb4_unicode_ci DEFAULT NULL,
  `SCOPE_TYPE_` varchar(255) COLLATE utf8mb4_unicode_ci DEFAULT NULL,
  PRIMARY KEY (`ID_`),
  KEY `idx_contitem_taskid` (`TASK_ID_`),
  KEY `idx_contitem_procid` (`PROC_INST_ID_`),
  KEY `idx_contitem_scope` (`SCOPE_ID_`,`SCOPE_TYPE_`)
) ENGINE=InnoDB DEFAULT CHARSET=utf8mb4 COLLATE=utf8mb4_unicode_ci;
/*!40101 SET character_set_client = @saved_cs_client */;

--
-- Dumping data for table `act_co_content_item`
--

LOCK TABLES `act_co_content_item` WRITE;
/*!40000 ALTER TABLE `act_co_content_item` DISABLE KEYS */;
/*!40000 ALTER TABLE `act_co_content_item` ENABLE KEYS */;
UNLOCK TABLES;

--
-- Table structure for table `act_co_databasechangelog`
--

DROP TABLE IF EXISTS `act_co_databasechangelog`;
/*!40101 SET @saved_cs_client     = @@character_set_client */;
/*!50503 SET character_set_client = utf8mb4 */;
CREATE TABLE `act_co_databasechangelog` (
  `ID` varchar(255) COLLATE utf8mb4_unicode_ci NOT NULL,
  `AUTHOR` varchar(255) COLLATE utf8mb4_unicode_ci NOT NULL,
  `FILENAME` varchar(255) COLLATE utf8mb4_unicode_ci NOT NULL,
  `DATEEXECUTED` datetime NOT NULL,
  `ORDEREXECUTED` int NOT NULL,
  `EXECTYPE` varchar(10) COLLATE utf8mb4_unicode_ci NOT NULL,
  `MD5SUM` varchar(35) COLLATE utf8mb4_unicode_ci DEFAULT NULL,
  `DESCRIPTION` varchar(255) COLLATE utf8mb4_unicode_ci DEFAULT NULL,
  `COMMENTS` varchar(255) COLLATE utf8mb4_unicode_ci DEFAULT NULL,
  `TAG` varchar(255) COLLATE utf8mb4_unicode_ci DEFAULT NULL,
  `LIQUIBASE` varchar(20) COLLATE utf8mb4_unicode_ci DEFAULT NULL,
  `CONTEXTS` varchar(255) COLLATE utf8mb4_unicode_ci DEFAULT NULL,
  `LABELS` varchar(255) COLLATE utf8mb4_unicode_ci DEFAULT NULL,
  `DEPLOYMENT_ID` varchar(10) COLLATE utf8mb4_unicode_ci DEFAULT NULL
) ENGINE=InnoDB DEFAULT CHARSET=utf8mb4 COLLATE=utf8mb4_unicode_ci;
/*!40101 SET character_set_client = @saved_cs_client */;

--
-- Dumping data for table `act_co_databasechangelog`
--

LOCK TABLES `act_co_databasechangelog` WRITE;
/*!40000 ALTER TABLE `act_co_databasechangelog` DISABLE KEYS */;
INSERT INTO `act_co_databasechangelog` VALUES ('1','activiti','org/flowable/content/db/liquibase/flowable-content-db-changelog.xml','2025-10-27 11:03:45',1,'EXECUTED','8:7644d7165cfe799200a2abdd3419e8b6','createTable tableName=ACT_CO_CONTENT_ITEM; createIndex indexName=idx_contitem_taskid, tableName=ACT_CO_CONTENT_ITEM; createIndex indexName=idx_contitem_procid, tableName=ACT_CO_CONTENT_ITEM','',NULL,'4.5.0',NULL,NULL,'1534225828'),('2','flowable','org/flowable/content/db/liquibase/flowable-content-db-changelog.xml','2025-10-27 11:03:45',2,'EXECUTED','8:fe7b11ac7dbbf9c43006b23bbab60bab','addColumn tableName=ACT_CO_CONTENT_ITEM; createIndex indexName=idx_contitem_scope, tableName=ACT_CO_CONTENT_ITEM','',NULL,'4.5.0',NULL,NULL,'1534225828');
/*!40000 ALTER TABLE `act_co_databasechangelog` ENABLE KEYS */;
UNLOCK TABLES;

--
-- Table structure for table `act_co_databasechangeloglock`
--

DROP TABLE IF EXISTS `act_co_databasechangeloglock`;
/*!40101 SET @saved_cs_client     = @@character_set_client */;
/*!50503 SET character_set_client = utf8mb4 */;
CREATE TABLE `act_co_databasechangeloglock` (
  `ID` int NOT NULL,
  `LOCKED` bit(1) NOT NULL,
  `LOCKGRANTED` datetime DEFAULT NULL,
  `LOCKEDBY` varchar(255) COLLATE utf8mb4_unicode_ci DEFAULT NULL,
  PRIMARY KEY (`ID`)
) ENGINE=InnoDB DEFAULT CHARSET=utf8mb4 COLLATE=utf8mb4_unicode_ci;
/*!40101 SET character_set_client = @saved_cs_client */;

--
-- Dumping data for table `act_co_databasechangeloglock`
--

LOCK TABLES `act_co_databasechangeloglock` WRITE;
/*!40000 ALTER TABLE `act_co_databasechangeloglock` DISABLE KEYS */;
INSERT INTO `act_co_databasechangeloglock` VALUES (1,_binary '\0',NULL,NULL);
/*!40000 ALTER TABLE `act_co_databasechangeloglock` ENABLE KEYS */;
UNLOCK TABLES;

--
-- Table structure for table `act_dmn_databasechangelog`
--

DROP TABLE IF EXISTS `act_dmn_databasechangelog`;
/*!40101 SET @saved_cs_client     = @@character_set_client */;
/*!50503 SET character_set_client = utf8mb4 */;
CREATE TABLE `act_dmn_databasechangelog` (
  `ID` varchar(255) COLLATE utf8mb4_unicode_ci NOT NULL,
  `AUTHOR` varchar(255) COLLATE utf8mb4_unicode_ci NOT NULL,
  `FILENAME` varchar(255) COLLATE utf8mb4_unicode_ci NOT NULL,
  `DATEEXECUTED` datetime NOT NULL,
  `ORDEREXECUTED` int NOT NULL,
  `EXECTYPE` varchar(10) COLLATE utf8mb4_unicode_ci NOT NULL,
  `MD5SUM` varchar(35) COLLATE utf8mb4_unicode_ci DEFAULT NULL,
  `DESCRIPTION` varchar(255) COLLATE utf8mb4_unicode_ci DEFAULT NULL,
  `COMMENTS` varchar(255) COLLATE utf8mb4_unicode_ci DEFAULT NULL,
  `TAG` varchar(255) COLLATE utf8mb4_unicode_ci DEFAULT NULL,
  `LIQUIBASE` varchar(20) COLLATE utf8mb4_unicode_ci DEFAULT NULL,
  `CONTEXTS` varchar(255) COLLATE utf8mb4_unicode_ci DEFAULT NULL,
  `LABELS` varchar(255) COLLATE utf8mb4_unicode_ci DEFAULT NULL,
  `DEPLOYMENT_ID` varchar(10) COLLATE utf8mb4_unicode_ci DEFAULT NULL
) ENGINE=InnoDB DEFAULT CHARSET=utf8mb4 COLLATE=utf8mb4_unicode_ci;
/*!40101 SET character_set_client = @saved_cs_client */;

--
-- Dumping data for table `act_dmn_databasechangelog`
--

LOCK TABLES `act_dmn_databasechangelog` WRITE;
/*!40000 ALTER TABLE `act_dmn_databasechangelog` DISABLE KEYS */;
INSERT INTO `act_dmn_databasechangelog` VALUES ('1','activiti','org/flowable/dmn/db/liquibase/flowable-dmn-db-changelog.xml','2025-10-27 11:03:43',1,'EXECUTED','8:c8701f1c71018b55029f450b2e9a10a1','createTable tableName=ACT_DMN_DEPLOYMENT; createTable tableName=ACT_DMN_DEPLOYMENT_RESOURCE; createTable tableName=ACT_DMN_DECISION_TABLE','',NULL,'4.5.0',NULL,NULL,'1534223263'),('2','flowable','org/flowable/dmn/db/liquibase/flowable-dmn-db-changelog.xml','2025-10-27 11:03:43',2,'EXECUTED','8:47f94b27feb7df8a30d4e338c7bd5fb8','createTable tableName=ACT_DMN_HI_DECISION_EXECUTION','',NULL,'4.5.0',NULL,NULL,'1534223263'),('3','flowable','org/flowable/dmn/db/liquibase/flowable-dmn-db-changelog.xml','2025-10-27 11:03:43',3,'EXECUTED','8:ac17eae89fbdccb6e08daf3c7797b579','addColumn tableName=ACT_DMN_HI_DECISION_EXECUTION','',NULL,'4.5.0',NULL,NULL,'1534223263'),('4','flowable','org/flowable/dmn/db/liquibase/flowable-dmn-db-changelog.xml','2025-10-27 11:03:43',4,'EXECUTED','8:f73aabc4529e7292c2942073d1cff6f9','dropColumn columnName=PARENT_DEPLOYMENT_ID_, tableName=ACT_DMN_DECISION_TABLE','',NULL,'4.5.0',NULL,NULL,'1534223263'),('5','flowable','org/flowable/dmn/db/liquibase/flowable-dmn-db-changelog.xml','2025-10-27 11:03:43',5,'EXECUTED','8:3e03528582dd4eeb4eb41f9b9539140d','modifyDataType columnName=DEPLOY_TIME_, tableName=ACT_DMN_DEPLOYMENT; modifyDataType columnName=START_TIME_, tableName=ACT_DMN_HI_DECISION_EXECUTION; modifyDataType columnName=END_TIME_, tableName=ACT_DMN_HI_DECISION_EXECUTION','',NULL,'4.5.0',NULL,NULL,'1534223263'),('6','flowable','org/flowable/dmn/db/liquibase/flowable-dmn-db-changelog.xml','2025-10-27 11:03:43',6,'EXECUTED','8:646c6a061e0b6e8a62e69844ff96abb0','createIndex indexName=ACT_IDX_DEC_TBL_UNIQ, tableName=ACT_DMN_DECISION_TABLE','',NULL,'4.5.0',NULL,NULL,'1534223263'),('7','flowable','org/flowable/dmn/db/liquibase/flowable-dmn-db-changelog.xml','2025-10-27 11:03:43',7,'EXECUTED','8:215a499ff7ae77685b55355245b8b708','dropIndex indexName=ACT_IDX_DEC_TBL_UNIQ, tableName=ACT_DMN_DECISION_TABLE; renameTable newTableName=ACT_DMN_DECISION, oldTableName=ACT_DMN_DECISION_TABLE; createIndex indexName=ACT_IDX_DMN_DEC_UNIQ, tableName=ACT_DMN_DECISION','',NULL,'4.5.0',NULL,NULL,'1534223263'),('8','flowable','org/flowable/dmn/db/liquibase/flowable-dmn-db-changelog.xml','2025-10-27 11:03:43',8,'EXECUTED','8:5355bee389318afed91a11702f2df032','addColumn tableName=ACT_DMN_DECISION','',NULL,'4.5.0',NULL,NULL,'1534223263'),('9','flowable','org/flowable/dmn/db/liquibase/flowable-dmn-db-changelog.xml','2025-10-27 11:03:43',9,'EXECUTED','8:0fe82086431b1953d293f0199f805876','createIndex indexName=ACT_IDX_DMN_INSTANCE_ID, tableName=ACT_DMN_HI_DECISION_EXECUTION','',NULL,'4.5.0',NULL,NULL,'1534223263');
/*!40000 ALTER TABLE `act_dmn_databasechangelog` ENABLE KEYS */;
UNLOCK TABLES;

--
-- Table structure for table `act_dmn_databasechangeloglock`
--

DROP TABLE IF EXISTS `act_dmn_databasechangeloglock`;
/*!40101 SET @saved_cs_client     = @@character_set_client */;
/*!50503 SET character_set_client = utf8mb4 */;
CREATE TABLE `act_dmn_databasechangeloglock` (
  `ID` int NOT NULL,
  `LOCKED` bit(1) NOT NULL,
  `LOCKGRANTED` datetime DEFAULT NULL,
  `LOCKEDBY` varchar(255) COLLATE utf8mb4_unicode_ci DEFAULT NULL,
  PRIMARY KEY (`ID`)
) ENGINE=InnoDB DEFAULT CHARSET=utf8mb4 COLLATE=utf8mb4_unicode_ci;
/*!40101 SET character_set_client = @saved_cs_client */;

--
-- Dumping data for table `act_dmn_databasechangeloglock`
--

LOCK TABLES `act_dmn_databasechangeloglock` WRITE;
/*!40000 ALTER TABLE `act_dmn_databasechangeloglock` DISABLE KEYS */;
INSERT INTO `act_dmn_databasechangeloglock` VALUES (1,_binary '\0',NULL,NULL);
/*!40000 ALTER TABLE `act_dmn_databasechangeloglock` ENABLE KEYS */;
UNLOCK TABLES;

--
-- Table structure for table `act_dmn_decision`
--

DROP TABLE IF EXISTS `act_dmn_decision`;
/*!40101 SET @saved_cs_client     = @@character_set_client */;
/*!50503 SET character_set_client = utf8mb4 */;
CREATE TABLE `act_dmn_decision` (
  `ID_` varchar(255) COLLATE utf8mb4_unicode_ci NOT NULL,
  `NAME_` varchar(255) COLLATE utf8mb4_unicode_ci DEFAULT NULL,
  `VERSION_` int DEFAULT NULL,
  `KEY_` varchar(255) COLLATE utf8mb4_unicode_ci DEFAULT NULL,
  `CATEGORY_` varchar(255) COLLATE utf8mb4_unicode_ci DEFAULT NULL,
  `DEPLOYMENT_ID_` varchar(255) COLLATE utf8mb4_unicode_ci DEFAULT NULL,
  `TENANT_ID_` varchar(255) COLLATE utf8mb4_unicode_ci DEFAULT NULL,
  `RESOURCE_NAME_` varchar(255) COLLATE utf8mb4_unicode_ci DEFAULT NULL,
  `DESCRIPTION_` varchar(255) COLLATE utf8mb4_unicode_ci DEFAULT NULL,
  `DECISION_TYPE_` varchar(255) COLLATE utf8mb4_unicode_ci DEFAULT NULL,
  PRIMARY KEY (`ID_`),
  UNIQUE KEY `ACT_IDX_DMN_DEC_UNIQ` (`KEY_`,`VERSION_`,`TENANT_ID_`)
) ENGINE=InnoDB DEFAULT CHARSET=utf8mb4 COLLATE=utf8mb4_unicode_ci;
/*!40101 SET character_set_client = @saved_cs_client */;

--
-- Dumping data for table `act_dmn_decision`
--

LOCK TABLES `act_dmn_decision` WRITE;
/*!40000 ALTER TABLE `act_dmn_decision` DISABLE KEYS */;
/*!40000 ALTER TABLE `act_dmn_decision` ENABLE KEYS */;
UNLOCK TABLES;

--
-- Table structure for table `act_dmn_deployment`
--

DROP TABLE IF EXISTS `act_dmn_deployment`;
/*!40101 SET @saved_cs_client     = @@character_set_client */;
/*!50503 SET character_set_client = utf8mb4 */;
CREATE TABLE `act_dmn_deployment` (
  `ID_` varchar(255) COLLATE utf8mb4_unicode_ci NOT NULL,
  `NAME_` varchar(255) COLLATE utf8mb4_unicode_ci DEFAULT NULL,
  `CATEGORY_` varchar(255) COLLATE utf8mb4_unicode_ci DEFAULT NULL,
  `DEPLOY_TIME_` datetime(3) DEFAULT NULL,
  `TENANT_ID_` varchar(255) COLLATE utf8mb4_unicode_ci DEFAULT NULL,
  `PARENT_DEPLOYMENT_ID_` varchar(255) COLLATE utf8mb4_unicode_ci DEFAULT NULL,
  PRIMARY KEY (`ID_`)
) ENGINE=InnoDB DEFAULT CHARSET=utf8mb4 COLLATE=utf8mb4_unicode_ci;
/*!40101 SET character_set_client = @saved_cs_client */;

--
-- Dumping data for table `act_dmn_deployment`
--

LOCK TABLES `act_dmn_deployment` WRITE;
/*!40000 ALTER TABLE `act_dmn_deployment` DISABLE KEYS */;
/*!40000 ALTER TABLE `act_dmn_deployment` ENABLE KEYS */;
UNLOCK TABLES;

--
-- Table structure for table `act_dmn_deployment_resource`
--

DROP TABLE IF EXISTS `act_dmn_deployment_resource`;
/*!40101 SET @saved_cs_client     = @@character_set_client */;
/*!50503 SET character_set_client = utf8mb4 */;
CREATE TABLE `act_dmn_deployment_resource` (
  `ID_` varchar(255) COLLATE utf8mb4_unicode_ci NOT NULL,
  `NAME_` varchar(255) COLLATE utf8mb4_unicode_ci DEFAULT NULL,
  `DEPLOYMENT_ID_` varchar(255) COLLATE utf8mb4_unicode_ci DEFAULT NULL,
  `RESOURCE_BYTES_` longblob,
  PRIMARY KEY (`ID_`)
) ENGINE=InnoDB DEFAULT CHARSET=utf8mb4 COLLATE=utf8mb4_unicode_ci;
/*!40101 SET character_set_client = @saved_cs_client */;

--
-- Dumping data for table `act_dmn_deployment_resource`
--

LOCK TABLES `act_dmn_deployment_resource` WRITE;
/*!40000 ALTER TABLE `act_dmn_deployment_resource` DISABLE KEYS */;
/*!40000 ALTER TABLE `act_dmn_deployment_resource` ENABLE KEYS */;
UNLOCK TABLES;

--
-- Table structure for table `act_dmn_hi_decision_execution`
--

DROP TABLE IF EXISTS `act_dmn_hi_decision_execution`;
/*!40101 SET @saved_cs_client     = @@character_set_client */;
/*!50503 SET character_set_client = utf8mb4 */;
CREATE TABLE `act_dmn_hi_decision_execution` (
  `ID_` varchar(255) COLLATE utf8mb4_unicode_ci NOT NULL,
  `DECISION_DEFINITION_ID_` varchar(255) COLLATE utf8mb4_unicode_ci DEFAULT NULL,
  `DEPLOYMENT_ID_` varchar(255) COLLATE utf8mb4_unicode_ci DEFAULT NULL,
  `START_TIME_` datetime(3) DEFAULT NULL,
  `END_TIME_` datetime(3) DEFAULT NULL,
  `INSTANCE_ID_` varchar(255) COLLATE utf8mb4_unicode_ci DEFAULT NULL,
  `EXECUTION_ID_` varchar(255) COLLATE utf8mb4_unicode_ci DEFAULT NULL,
  `ACTIVITY_ID_` varchar(255) COLLATE utf8mb4_unicode_ci DEFAULT NULL,
  `FAILED_` bit(1) DEFAULT b'0',
  `TENANT_ID_` varchar(255) COLLATE utf8mb4_unicode_ci DEFAULT NULL,
  `EXECUTION_JSON_` longtext COLLATE utf8mb4_unicode_ci,
  `SCOPE_TYPE_` varchar(255) COLLATE utf8mb4_unicode_ci DEFAULT NULL,
  PRIMARY KEY (`ID_`),
  KEY `ACT_IDX_DMN_INSTANCE_ID` (`INSTANCE_ID_`)
) ENGINE=InnoDB DEFAULT CHARSET=utf8mb4 COLLATE=utf8mb4_unicode_ci;
/*!40101 SET character_set_client = @saved_cs_client */;

--
-- Dumping data for table `act_dmn_hi_decision_execution`
--

LOCK TABLES `act_dmn_hi_decision_execution` WRITE;
/*!40000 ALTER TABLE `act_dmn_hi_decision_execution` DISABLE KEYS */;
/*!40000 ALTER TABLE `act_dmn_hi_decision_execution` ENABLE KEYS */;
UNLOCK TABLES;

--
-- Table structure for table `act_evt_log`
--

DROP TABLE IF EXISTS `act_evt_log`;
/*!40101 SET @saved_cs_client     = @@character_set_client */;
/*!50503 SET character_set_client = utf8mb4 */;
CREATE TABLE `act_evt_log` (
  `LOG_NR_` bigint NOT NULL AUTO_INCREMENT,
  `TYPE_` varchar(64) COLLATE utf8mb3_bin DEFAULT NULL,
  `PROC_DEF_ID_` varchar(64) COLLATE utf8mb3_bin DEFAULT NULL,
  `PROC_INST_ID_` varchar(64) COLLATE utf8mb3_bin DEFAULT NULL,
  `EXECUTION_ID_` varchar(64) COLLATE utf8mb3_bin DEFAULT NULL,
  `TASK_ID_` varchar(64) COLLATE utf8mb3_bin DEFAULT NULL,
  `TIME_STAMP_` timestamp(3) NOT NULL DEFAULT CURRENT_TIMESTAMP(3),
  `USER_ID_` varchar(255) COLLATE utf8mb3_bin DEFAULT NULL,
  `DATA_` longblob,
  `LOCK_OWNER_` varchar(255) COLLATE utf8mb3_bin DEFAULT NULL,
  `LOCK_TIME_` timestamp(3) NULL DEFAULT NULL,
  `IS_PROCESSED_` tinyint DEFAULT '0',
  PRIMARY KEY (`LOG_NR_`)
) ENGINE=InnoDB DEFAULT CHARSET=utf8mb3 COLLATE=utf8mb3_bin;
/*!40101 SET character_set_client = @saved_cs_client */;

--
-- Dumping data for table `act_evt_log`
--

LOCK TABLES `act_evt_log` WRITE;
/*!40000 ALTER TABLE `act_evt_log` DISABLE KEYS */;
/*!40000 ALTER TABLE `act_evt_log` ENABLE KEYS */;
UNLOCK TABLES;

--
-- Table structure for table `act_fo_databasechangelog`
--

DROP TABLE IF EXISTS `act_fo_databasechangelog`;
/*!40101 SET @saved_cs_client     = @@character_set_client */;
/*!50503 SET character_set_client = utf8mb4 */;
CREATE TABLE `act_fo_databasechangelog` (
  `ID` varchar(255) COLLATE utf8mb4_unicode_ci NOT NULL,
  `AUTHOR` varchar(255) COLLATE utf8mb4_unicode_ci NOT NULL,
  `FILENAME` varchar(255) COLLATE utf8mb4_unicode_ci NOT NULL,
  `DATEEXECUTED` datetime NOT NULL,
  `ORDEREXECUTED` int NOT NULL,
  `EXECTYPE` varchar(10) COLLATE utf8mb4_unicode_ci NOT NULL,
  `MD5SUM` varchar(35) COLLATE utf8mb4_unicode_ci DEFAULT NULL,
  `DESCRIPTION` varchar(255) COLLATE utf8mb4_unicode_ci DEFAULT NULL,
  `COMMENTS` varchar(255) COLLATE utf8mb4_unicode_ci DEFAULT NULL,
  `TAG` varchar(255) COLLATE utf8mb4_unicode_ci DEFAULT NULL,
  `LIQUIBASE` varchar(20) COLLATE utf8mb4_unicode_ci DEFAULT NULL,
  `CONTEXTS` varchar(255) COLLATE utf8mb4_unicode_ci DEFAULT NULL,
  `LABELS` varchar(255) COLLATE utf8mb4_unicode_ci DEFAULT NULL,
  `DEPLOYMENT_ID` varchar(10) COLLATE utf8mb4_unicode_ci DEFAULT NULL
) ENGINE=InnoDB DEFAULT CHARSET=utf8mb4 COLLATE=utf8mb4_unicode_ci;
/*!40101 SET character_set_client = @saved_cs_client */;

--
-- Dumping data for table `act_fo_databasechangelog`
--

LOCK TABLES `act_fo_databasechangelog` WRITE;
/*!40000 ALTER TABLE `act_fo_databasechangelog` DISABLE KEYS */;
INSERT INTO `act_fo_databasechangelog` VALUES ('1','activiti','org/flowable/form/db/liquibase/flowable-form-db-changelog.xml','2025-10-27 11:03:44',1,'EXECUTED','8:033ebf9380889aed7c453927ecc3250d','createTable tableName=ACT_FO_FORM_DEPLOYMENT; createTable tableName=ACT_FO_FORM_RESOURCE; createTable tableName=ACT_FO_FORM_DEFINITION; createTable tableName=ACT_FO_FORM_INSTANCE','',NULL,'4.5.0',NULL,NULL,'1534224482'),('2','flowable','org/flowable/form/db/liquibase/flowable-form-db-changelog.xml','2025-10-27 11:03:44',2,'EXECUTED','8:986365ceb40445ce3b27a8e6b40f159b','addColumn tableName=ACT_FO_FORM_INSTANCE','',NULL,'4.5.0',NULL,NULL,'1534224482'),('3','flowable','org/flowable/form/db/liquibase/flowable-form-db-changelog.xml','2025-10-27 11:03:44',3,'EXECUTED','8:abf482518ceb09830ef674e52c06bf15','dropColumn columnName=PARENT_DEPLOYMENT_ID_, tableName=ACT_FO_FORM_DEFINITION','',NULL,'4.5.0',NULL,NULL,'1534224482'),('4','flowable','org/flowable/form/db/liquibase/flowable-form-db-changelog.xml','2025-10-27 11:03:44',4,'EXECUTED','8:2087829f22a4b2298dbf530681c74854','modifyDataType columnName=DEPLOY_TIME_, tableName=ACT_FO_FORM_DEPLOYMENT; modifyDataType columnName=SUBMITTED_DATE_, tableName=ACT_FO_FORM_INSTANCE','',NULL,'4.5.0',NULL,NULL,'1534224482'),('5','flowable','org/flowable/form/db/liquibase/flowable-form-db-changelog.xml','2025-10-27 11:03:44',5,'EXECUTED','8:b4be732b89e5ca028bdd520c6ad4d446','createIndex indexName=ACT_IDX_FORM_DEF_UNIQ, tableName=ACT_FO_FORM_DEFINITION','',NULL,'4.5.0',NULL,NULL,'1534224482'),('6','flowable','org/flowable/form/db/liquibase/flowable-form-db-changelog.xml','2025-10-27 11:03:44',6,'EXECUTED','8:384bbd364a649b67c3ca1bcb72fe537f','createIndex indexName=ACT_IDX_FORM_TASK, tableName=ACT_FO_FORM_INSTANCE; createIndex indexName=ACT_IDX_FORM_PROC, tableName=ACT_FO_FORM_INSTANCE; createIndex indexName=ACT_IDX_FORM_SCOPE, tableName=ACT_FO_FORM_INSTANCE','',NULL,'4.5.0',NULL,NULL,'1534224482');
/*!40000 ALTER TABLE `act_fo_databasechangelog` ENABLE KEYS */;
UNLOCK TABLES;

--
-- Table structure for table `act_fo_databasechangeloglock`
--

DROP TABLE IF EXISTS `act_fo_databasechangeloglock`;
/*!40101 SET @saved_cs_client     = @@character_set_client */;
/*!50503 SET character_set_client = utf8mb4 */;
CREATE TABLE `act_fo_databasechangeloglock` (
  `ID` int NOT NULL,
  `LOCKED` bit(1) NOT NULL,
  `LOCKGRANTED` datetime DEFAULT NULL,
  `LOCKEDBY` varchar(255) COLLATE utf8mb4_unicode_ci DEFAULT NULL,
  PRIMARY KEY (`ID`)
) ENGINE=InnoDB DEFAULT CHARSET=utf8mb4 COLLATE=utf8mb4_unicode_ci;
/*!40101 SET character_set_client = @saved_cs_client */;

--
-- Dumping data for table `act_fo_databasechangeloglock`
--

LOCK TABLES `act_fo_databasechangeloglock` WRITE;
/*!40000 ALTER TABLE `act_fo_databasechangeloglock` DISABLE KEYS */;
INSERT INTO `act_fo_databasechangeloglock` VALUES (1,_binary '\0',NULL,NULL);
/*!40000 ALTER TABLE `act_fo_databasechangeloglock` ENABLE KEYS */;
UNLOCK TABLES;

--
-- Table structure for table `act_fo_form_definition`
--

DROP TABLE IF EXISTS `act_fo_form_definition`;
/*!40101 SET @saved_cs_client     = @@character_set_client */;
/*!50503 SET character_set_client = utf8mb4 */;
CREATE TABLE `act_fo_form_definition` (
  `ID_` varchar(255) COLLATE utf8mb4_unicode_ci NOT NULL,
  `NAME_` varchar(255) COLLATE utf8mb4_unicode_ci DEFAULT NULL,
  `VERSION_` int DEFAULT NULL,
  `KEY_` varchar(255) COLLATE utf8mb4_unicode_ci DEFAULT NULL,
  `CATEGORY_` varchar(255) COLLATE utf8mb4_unicode_ci DEFAULT NULL,
  `DEPLOYMENT_ID_` varchar(255) COLLATE utf8mb4_unicode_ci DEFAULT NULL,
  `TENANT_ID_` varchar(255) COLLATE utf8mb4_unicode_ci DEFAULT NULL,
  `RESOURCE_NAME_` varchar(255) COLLATE utf8mb4_unicode_ci DEFAULT NULL,
  `DESCRIPTION_` varchar(255) COLLATE utf8mb4_unicode_ci DEFAULT NULL,
  PRIMARY KEY (`ID_`),
  UNIQUE KEY `ACT_IDX_FORM_DEF_UNIQ` (`KEY_`,`VERSION_`,`TENANT_ID_`)
) ENGINE=InnoDB DEFAULT CHARSET=utf8mb4 COLLATE=utf8mb4_unicode_ci;
/*!40101 SET character_set_client = @saved_cs_client */;

--
-- Dumping data for table `act_fo_form_definition`
--

LOCK TABLES `act_fo_form_definition` WRITE;
/*!40000 ALTER TABLE `act_fo_form_definition` DISABLE KEYS */;
/*!40000 ALTER TABLE `act_fo_form_definition` ENABLE KEYS */;
UNLOCK TABLES;

--
-- Table structure for table `act_fo_form_deployment`
--

DROP TABLE IF EXISTS `act_fo_form_deployment`;
/*!40101 SET @saved_cs_client     = @@character_set_client */;
/*!50503 SET character_set_client = utf8mb4 */;
CREATE TABLE `act_fo_form_deployment` (
  `ID_` varchar(255) COLLATE utf8mb4_unicode_ci NOT NULL,
  `NAME_` varchar(255) COLLATE utf8mb4_unicode_ci DEFAULT NULL,
  `CATEGORY_` varchar(255) COLLATE utf8mb4_unicode_ci DEFAULT NULL,
  `DEPLOY_TIME_` datetime(3) DEFAULT NULL,
  `TENANT_ID_` varchar(255) COLLATE utf8mb4_unicode_ci DEFAULT NULL,
  `PARENT_DEPLOYMENT_ID_` varchar(255) COLLATE utf8mb4_unicode_ci DEFAULT NULL,
  PRIMARY KEY (`ID_`)
) ENGINE=InnoDB DEFAULT CHARSET=utf8mb4 COLLATE=utf8mb4_unicode_ci;
/*!40101 SET character_set_client = @saved_cs_client */;

--
-- Dumping data for table `act_fo_form_deployment`
--

LOCK TABLES `act_fo_form_deployment` WRITE;
/*!40000 ALTER TABLE `act_fo_form_deployment` DISABLE KEYS */;
/*!40000 ALTER TABLE `act_fo_form_deployment` ENABLE KEYS */;
UNLOCK TABLES;

--
-- Table structure for table `act_fo_form_instance`
--

DROP TABLE IF EXISTS `act_fo_form_instance`;
/*!40101 SET @saved_cs_client     = @@character_set_client */;
/*!50503 SET character_set_client = utf8mb4 */;
CREATE TABLE `act_fo_form_instance` (
  `ID_` varchar(255) COLLATE utf8mb4_unicode_ci NOT NULL,
  `FORM_DEFINITION_ID_` varchar(255) COLLATE utf8mb4_unicode_ci NOT NULL,
  `TASK_ID_` varchar(255) COLLATE utf8mb4_unicode_ci DEFAULT NULL,
  `PROC_INST_ID_` varchar(255) COLLATE utf8mb4_unicode_ci DEFAULT NULL,
  `PROC_DEF_ID_` varchar(255) COLLATE utf8mb4_unicode_ci DEFAULT NULL,
  `SUBMITTED_DATE_` datetime(3) DEFAULT NULL,
  `SUBMITTED_BY_` varchar(255) COLLATE utf8mb4_unicode_ci DEFAULT NULL,
  `FORM_VALUES_ID_` varchar(255) COLLATE utf8mb4_unicode_ci DEFAULT NULL,
  `TENANT_ID_` varchar(255) COLLATE utf8mb4_unicode_ci DEFAULT NULL,
  `SCOPE_ID_` varchar(255) COLLATE utf8mb4_unicode_ci DEFAULT NULL,
  `SCOPE_TYPE_` varchar(255) COLLATE utf8mb4_unicode_ci DEFAULT NULL,
  `SCOPE_DEFINITION_ID_` varchar(255) COLLATE utf8mb4_unicode_ci DEFAULT NULL,
  PRIMARY KEY (`ID_`),
  KEY `ACT_IDX_FORM_TASK` (`TASK_ID_`),
  KEY `ACT_IDX_FORM_PROC` (`PROC_INST_ID_`),
  KEY `ACT_IDX_FORM_SCOPE` (`SCOPE_ID_`,`SCOPE_TYPE_`)
) ENGINE=InnoDB DEFAULT CHARSET=utf8mb4 COLLATE=utf8mb4_unicode_ci;
/*!40101 SET character_set_client = @saved_cs_client */;

--
-- Dumping data for table `act_fo_form_instance`
--

LOCK TABLES `act_fo_form_instance` WRITE;
/*!40000 ALTER TABLE `act_fo_form_instance` DISABLE KEYS */;
/*!40000 ALTER TABLE `act_fo_form_instance` ENABLE KEYS */;
UNLOCK TABLES;

--
-- Table structure for table `act_fo_form_resource`
--

DROP TABLE IF EXISTS `act_fo_form_resource`;
/*!40101 SET @saved_cs_client     = @@character_set_client */;
/*!50503 SET character_set_client = utf8mb4 */;
CREATE TABLE `act_fo_form_resource` (
  `ID_` varchar(255) COLLATE utf8mb4_unicode_ci NOT NULL,
  `NAME_` varchar(255) COLLATE utf8mb4_unicode_ci DEFAULT NULL,
  `DEPLOYMENT_ID_` varchar(255) COLLATE utf8mb4_unicode_ci DEFAULT NULL,
  `RESOURCE_BYTES_` longblob,
  PRIMARY KEY (`ID_`)
) ENGINE=InnoDB DEFAULT CHARSET=utf8mb4 COLLATE=utf8mb4_unicode_ci;
/*!40101 SET character_set_client = @saved_cs_client */;

--
-- Dumping data for table `act_fo_form_resource`
--

LOCK TABLES `act_fo_form_resource` WRITE;
/*!40000 ALTER TABLE `act_fo_form_resource` DISABLE KEYS */;
/*!40000 ALTER TABLE `act_fo_form_resource` ENABLE KEYS */;
UNLOCK TABLES;

--
-- Table structure for table `act_ge_bytearray`
--

DROP TABLE IF EXISTS `act_ge_bytearray`;
/*!40101 SET @saved_cs_client     = @@character_set_client */;
/*!50503 SET character_set_client = utf8mb4 */;
CREATE TABLE `act_ge_bytearray` (
  `ID_` varchar(64) COLLATE utf8mb3_bin NOT NULL,
  `REV_` int DEFAULT NULL,
  `NAME_` varchar(255) COLLATE utf8mb3_bin DEFAULT NULL,
  `DEPLOYMENT_ID_` varchar(64) COLLATE utf8mb3_bin DEFAULT NULL,
  `BYTES_` longblob,
  `GENERATED_` tinyint DEFAULT NULL,
  PRIMARY KEY (`ID_`),
  KEY `ACT_FK_BYTEARR_DEPL` (`DEPLOYMENT_ID_`),
  CONSTRAINT `ACT_FK_BYTEARR_DEPL` FOREIGN KEY (`DEPLOYMENT_ID_`) REFERENCES `act_re_deployment` (`ID_`)
) ENGINE=InnoDB DEFAULT CHARSET=utf8mb3 COLLATE=utf8mb3_bin;
/*!40101 SET character_set_client = @saved_cs_client */;

--
-- Dumping data for table `act_ge_bytearray`
--

LOCK TABLES `act_ge_bytearray` WRITE;
/*!40000 ALTER TABLE `act_ge_bytearray` DISABLE KEYS */;
INSERT INTO `act_ge_bytearray` VALUES ('923dbaac-b2e1-11f0-a19d-00163e18188c',1,'D:\\work2025\\xj-service-main\\target\\classes\\processes\\leave-process.bpmn20.xml','923dbaab-b2e1-11f0-a19d-00163e18188c',_binary '<?xml version=\"1.0\" encoding=\"UTF-8\"?>\r\n<definitions xmlns=\"http://www.omg.org/spec/BPMN/20100524/MODEL\"\r\n             xmlns:flowable=\"http://flowable.org/bpmn\"\r\n             targetNamespace=\"http://flowable.org/bpmn\">\r\n    <process id=\"leaveProcess\" name=\"\">\r\n        <startEvent id=\"start\"/>\r\n        <userTask id=\"submit\" name=\"\" flowable:assignee=\"${starter}\"/>\r\n        <userTask id=\"firstApproval\" name=\"\" flowable:candidateGroups=\"manager\"/>\r\n        <userTask id=\"secondApproval\" name=\"\" flowable:candidateGroups=\"director\"/>\r\n        <endEvent id=\"end\"/>\r\n\r\n        <sequenceFlow sourceRef=\"start\" targetRef=\"submit\"/>\r\n        <sequenceFlow sourceRef=\"submit\" targetRef=\"firstApproval\"/>\r\n        <sequenceFlow sourceRef=\"firstApproval\" targetRef=\"secondApproval\"/>\r\n        <sequenceFlow sourceRef=\"secondApproval\" targetRef=\"end\"/>\r\n    </process>\r\n</definitions>\r\n',0),('958f8a33-b479-11f0-9f9c-00163e18188c',1,'D:\\work2025\\xj-service-main\\target\\classes\\processes\\leave-process.bpmn20.xml','958f8a32-b479-11f0-9f9c-00163e18188c',_binary '<?xml version=\"1.0\" encoding=\"UTF-8\"?>\r\n<definitions xmlns=\"http://www.omg.org/spec/BPMN/20100524/MODEL\"\r\n             xmlns:flowable=\"http://flowable.org/bpmn\"\r\n             targetNamespace=\"http://flowable.org/bpmn\">\r\n    <process id=\"leaveProcess\" name=\"\" isExecutable=\"true\">\r\n        <startEvent id=\"start\"/>\r\n        <userTask id=\"submit\" name=\"\" flowable:assignee=\"${starter}\"/>\r\n        <userTask id=\"firstApproval\" name=\"\" flowable:assignee=\"${firstApprover}\"/>\r\n        <userTask id=\"secondApproval\" name=\"\" flowable:assignee=\"${secondApprover}\"/>\r\n        <endEvent id=\"end\"/>\r\n\r\n        <sequenceFlow sourceRef=\"start\" targetRef=\"submit\"/>\r\n        <sequenceFlow sourceRef=\"submit\" targetRef=\"firstApproval\"/>\r\n        <sequenceFlow sourceRef=\"firstApproval\" targetRef=\"secondApproval\"/>\r\n        <sequenceFlow sourceRef=\"secondApproval\" targetRef=\"end\"/>\r\n    </process>\r\n</definitions>\r\n',0),('c4b8de34-b3a9-11f0-93ba-00163e18188c',1,'D:\\work2025\\xj-service-main\\target\\classes\\processes\\leave-process.bpmn20.xml','c4b8de33-b3a9-11f0-93ba-00163e18188c',_binary '<?xml version=\"1.0\" encoding=\"UTF-8\"?>\r\n<definitions xmlns=\"http://www.omg.org/spec/BPMN/20100524/MODEL\"\r\n             xmlns:flowable=\"http://flowable.org/bpmn\"\r\n             targetNamespace=\"http://flowable.org/bpmn\">\r\n    <process id=\"leaveProcess\" name=\"\">\r\n        <startEvent id=\"start\"/>\r\n        <userTask id=\"submit\" name=\"\" flowable:assignee=\"${starter}\"/>\r\n        <userTask id=\"firstApproval\" name=\"\" flowable:assignee=\"${firstApprover}\"/>\r\n        <userTask id=\"secondApproval\" name=\"\" flowable:assignee=\"${secondApprover}\"/>\r\n        <endEvent id=\"end\"/>\r\n\r\n        <sequenceFlow sourceRef=\"start\" targetRef=\"submit\"/>\r\n        <sequenceFlow sourceRef=\"submit\" targetRef=\"firstApproval\"/>\r\n        <sequenceFlow sourceRef=\"firstApproval\" targetRef=\"secondApproval\"/>\r\n        <sequenceFlow sourceRef=\"secondApproval\" targetRef=\"end\"/>\r\n    </process>\r\n</definitions>\r\n',0);
/*!40000 ALTER TABLE `act_ge_bytearray` ENABLE KEYS */;
UNLOCK TABLES;

--
-- Table structure for table `act_ge_property`
--

DROP TABLE IF EXISTS `act_ge_property`;
/*!40101 SET @saved_cs_client     = @@character_set_client */;
/*!50503 SET character_set_client = utf8mb4 */;
CREATE TABLE `act_ge_property` (
  `NAME_` varchar(64) COLLATE utf8mb3_bin NOT NULL,
  `VALUE_` varchar(300) COLLATE utf8mb3_bin DEFAULT NULL,
  `REV_` int DEFAULT NULL,
  PRIMARY KEY (`NAME_`)
) ENGINE=InnoDB DEFAULT CHARSET=utf8mb3 COLLATE=utf8mb3_bin;
/*!40101 SET character_set_client = @saved_cs_client */;

--
-- Dumping data for table `act_ge_property`
--

LOCK TABLES `act_ge_property` WRITE;
/*!40000 ALTER TABLE `act_ge_property` DISABLE KEYS */;
INSERT INTO `act_ge_property` VALUES ('batch.schema.version','6.8.0.0',1),('cfg.execution-related-entities-count','true',1),('cfg.task-related-entities-count','true',1),('common.schema.version','6.8.0.0',1),('entitylink.schema.version','6.8.0.0',1),('eventsubscription.schema.version','6.8.0.0',1),('identitylink.schema.version','6.8.0.0',1),('job.schema.version','6.8.0.0',1),('next.dbid','1',1),('schema.history','create(6.8.0.0)',1),('schema.version','6.8.0.0',1),('task.schema.version','6.8.0.0',1),('variable.schema.version','6.8.0.0',1);
/*!40000 ALTER TABLE `act_ge_property` ENABLE KEYS */;
UNLOCK TABLES;

--
-- Table structure for table `act_hi_actinst`
--

DROP TABLE IF EXISTS `act_hi_actinst`;
/*!40101 SET @saved_cs_client     = @@character_set_client */;
/*!50503 SET character_set_client = utf8mb4 */;
CREATE TABLE `act_hi_actinst` (
  `ID_` varchar(64) COLLATE utf8mb3_bin NOT NULL,
  `REV_` int DEFAULT '1',
  `PROC_DEF_ID_` varchar(64) COLLATE utf8mb3_bin NOT NULL,
  `PROC_INST_ID_` varchar(64) COLLATE utf8mb3_bin NOT NULL,
  `EXECUTION_ID_` varchar(64) COLLATE utf8mb3_bin NOT NULL,
  `ACT_ID_` varchar(255) COLLATE utf8mb3_bin NOT NULL,
  `TASK_ID_` varchar(64) COLLATE utf8mb3_bin DEFAULT NULL,
  `CALL_PROC_INST_ID_` varchar(64) COLLATE utf8mb3_bin DEFAULT NULL,
  `ACT_NAME_` varchar(255) COLLATE utf8mb3_bin DEFAULT NULL,
  `ACT_TYPE_` varchar(255) COLLATE utf8mb3_bin NOT NULL,
  `ASSIGNEE_` varchar(255) COLLATE utf8mb3_bin DEFAULT NULL,
  `START_TIME_` datetime(3) NOT NULL,
  `END_TIME_` datetime(3) DEFAULT NULL,
  `TRANSACTION_ORDER_` int DEFAULT NULL,
  `DURATION_` bigint DEFAULT NULL,
  `DELETE_REASON_` varchar(4000) COLLATE utf8mb3_bin DEFAULT NULL,
  `TENANT_ID_` varchar(255) COLLATE utf8mb3_bin DEFAULT '',
  PRIMARY KEY (`ID_`),
  KEY `ACT_IDX_HI_ACT_INST_START` (`START_TIME_`),
  KEY `ACT_IDX_HI_ACT_INST_END` (`END_TIME_`),
  KEY `ACT_IDX_HI_ACT_INST_PROCINST` (`PROC_INST_ID_`,`ACT_ID_`),
  KEY `ACT_IDX_HI_ACT_INST_EXEC` (`EXECUTION_ID_`,`ACT_ID_`)
) ENGINE=InnoDB DEFAULT CHARSET=utf8mb3 COLLATE=utf8mb3_bin;
/*!40101 SET character_set_client = @saved_cs_client */;

--
-- Dumping data for table `act_hi_actinst`
--

LOCK TABLES `act_hi_actinst` WRITE;
/*!40000 ALTER TABLE `act_hi_actinst` DISABLE KEYS */;
INSERT INTO `act_hi_actinst` VALUES ('1349c7ac-b316-11f0-a19d-00163e18188c',1,'leaveProcess:1:925672cd-b2e1-11f0-a19d-00163e18188c','1349a098-b316-11f0-a19d-00163e18188c','1349c7ab-b316-11f0-a19d-00163e18188c','start',NULL,NULL,NULL,'startEvent',NULL,'2025-10-27 17:19:44.274','2025-10-27 17:19:44.274',1,0,NULL,''),('1349c7ad-b316-11f0-a19d-00163e18188c',1,'leaveProcess:1:925672cd-b2e1-11f0-a19d-00163e18188c','1349a098-b316-11f0-a19d-00163e18188c','1349c7ab-b316-11f0-a19d-00163e18188c','_flow_start__submit',NULL,NULL,NULL,'sequenceFlow',NULL,'2025-10-27 17:19:44.274','2025-10-27 17:19:44.274',2,0,NULL,''),('1349c7ae-b316-11f0-a19d-00163e18188c',1,'leaveProcess:1:925672cd-b2e1-11f0-a19d-00163e18188c','1349a098-b316-11f0-a19d-00163e18188c','1349c7ab-b316-11f0-a19d-00163e18188c','submit','1349c7af-b316-11f0-a19d-00163e18188c',NULL,'','userTask','currentUser','2025-10-27 17:19:44.274',NULL,3,NULL,NULL,''),('fbb823e2-b2e1-11f0-a19d-00163e18188c',1,'leaveProcess:1:925672cd-b2e1-11f0-a19d-00163e18188c','fbb7d5be-b2e1-11f0-a19d-00163e18188c','fbb823e1-b2e1-11f0-a19d-00163e18188c','start',NULL,NULL,NULL,'startEvent',NULL,'2025-10-27 11:06:50.902','2025-10-27 11:06:50.908',1,6,NULL,''),('fbb95c63-b2e1-11f0-a19d-00163e18188c',1,'leaveProcess:1:925672cd-b2e1-11f0-a19d-00163e18188c','fbb7d5be-b2e1-11f0-a19d-00163e18188c','fbb823e1-b2e1-11f0-a19d-00163e18188c','_flow_start__submit',NULL,NULL,NULL,'sequenceFlow',NULL,'2025-10-27 11:06:50.910','2025-10-27 11:06:50.910',2,0,NULL,''),('fbb95c64-b2e1-11f0-a19d-00163e18188c',1,'leaveProcess:1:925672cd-b2e1-11f0-a19d-00163e18188c','fbb7d5be-b2e1-11f0-a19d-00163e18188c','fbb823e1-b2e1-11f0-a19d-00163e18188c','submit','fbbd7b15-b2e1-11f0-a19d-00163e18188c',NULL,'','userTask','currentUser','2025-10-27 11:06:50.910',NULL,3,NULL,NULL,'');
/*!40000 ALTER TABLE `act_hi_actinst` ENABLE KEYS */;
UNLOCK TABLES;

--
-- Table structure for table `act_hi_attachment`
--

DROP TABLE IF EXISTS `act_hi_attachment`;
/*!40101 SET @saved_cs_client     = @@character_set_client */;
/*!50503 SET character_set_client = utf8mb4 */;
CREATE TABLE `act_hi_attachment` (
  `ID_` varchar(64) COLLATE utf8mb3_bin NOT NULL,
  `REV_` int DEFAULT NULL,
  `USER_ID_` varchar(255) COLLATE utf8mb3_bin DEFAULT NULL,
  `NAME_` varchar(255) COLLATE utf8mb3_bin DEFAULT NULL,
  `DESCRIPTION_` varchar(4000) COLLATE utf8mb3_bin DEFAULT NULL,
  `TYPE_` varchar(255) COLLATE utf8mb3_bin DEFAULT NULL,
  `TASK_ID_` varchar(64) COLLATE utf8mb3_bin DEFAULT NULL,
  `PROC_INST_ID_` varchar(64) COLLATE utf8mb3_bin DEFAULT NULL,
  `URL_` varchar(4000) COLLATE utf8mb3_bin DEFAULT NULL,
  `CONTENT_ID_` varchar(64) COLLATE utf8mb3_bin DEFAULT NULL,
  `TIME_` datetime(3) DEFAULT NULL,
  PRIMARY KEY (`ID_`)
) ENGINE=InnoDB DEFAULT CHARSET=utf8mb3 COLLATE=utf8mb3_bin;
/*!40101 SET character_set_client = @saved_cs_client */;

--
-- Dumping data for table `act_hi_attachment`
--

LOCK TABLES `act_hi_attachment` WRITE;
/*!40000 ALTER TABLE `act_hi_attachment` DISABLE KEYS */;
/*!40000 ALTER TABLE `act_hi_attachment` ENABLE KEYS */;
UNLOCK TABLES;

--
-- Table structure for table `act_hi_comment`
--

DROP TABLE IF EXISTS `act_hi_comment`;
/*!40101 SET @saved_cs_client     = @@character_set_client */;
/*!50503 SET character_set_client = utf8mb4 */;
CREATE TABLE `act_hi_comment` (
  `ID_` varchar(64) COLLATE utf8mb3_bin NOT NULL,
  `TYPE_` varchar(255) COLLATE utf8mb3_bin DEFAULT NULL,
  `TIME_` datetime(3) NOT NULL,
  `USER_ID_` varchar(255) COLLATE utf8mb3_bin DEFAULT NULL,
  `TASK_ID_` varchar(64) COLLATE utf8mb3_bin DEFAULT NULL,
  `PROC_INST_ID_` varchar(64) COLLATE utf8mb3_bin DEFAULT NULL,
  `ACTION_` varchar(255) COLLATE utf8mb3_bin DEFAULT NULL,
  `MESSAGE_` varchar(4000) COLLATE utf8mb3_bin DEFAULT NULL,
  `FULL_MSG_` longblob,
  PRIMARY KEY (`ID_`)
) ENGINE=InnoDB DEFAULT CHARSET=utf8mb3 COLLATE=utf8mb3_bin;
/*!40101 SET character_set_client = @saved_cs_client */;

--
-- Dumping data for table `act_hi_comment`
--

LOCK TABLES `act_hi_comment` WRITE;
/*!40000 ALTER TABLE `act_hi_comment` DISABLE KEYS */;
/*!40000 ALTER TABLE `act_hi_comment` ENABLE KEYS */;
UNLOCK TABLES;

--
-- Table structure for table `act_hi_detail`
--

DROP TABLE IF EXISTS `act_hi_detail`;
/*!40101 SET @saved_cs_client     = @@character_set_client */;
/*!50503 SET character_set_client = utf8mb4 */;
CREATE TABLE `act_hi_detail` (
  `ID_` varchar(64) COLLATE utf8mb3_bin NOT NULL,
  `TYPE_` varchar(255) COLLATE utf8mb3_bin NOT NULL,
  `PROC_INST_ID_` varchar(64) COLLATE utf8mb3_bin DEFAULT NULL,
  `EXECUTION_ID_` varchar(64) COLLATE utf8mb3_bin DEFAULT NULL,
  `TASK_ID_` varchar(64) COLLATE utf8mb3_bin DEFAULT NULL,
  `ACT_INST_ID_` varchar(64) COLLATE utf8mb3_bin DEFAULT NULL,
  `NAME_` varchar(255) COLLATE utf8mb3_bin NOT NULL,
  `VAR_TYPE_` varchar(255) COLLATE utf8mb3_bin DEFAULT NULL,
  `REV_` int DEFAULT NULL,
  `TIME_` datetime(3) NOT NULL,
  `BYTEARRAY_ID_` varchar(64) COLLATE utf8mb3_bin DEFAULT NULL,
  `DOUBLE_` double DEFAULT NULL,
  `LONG_` bigint DEFAULT NULL,
  `TEXT_` varchar(4000) COLLATE utf8mb3_bin DEFAULT NULL,
  `TEXT2_` varchar(4000) COLLATE utf8mb3_bin DEFAULT NULL,
  PRIMARY KEY (`ID_`),
  KEY `ACT_IDX_HI_DETAIL_PROC_INST` (`PROC_INST_ID_`),
  KEY `ACT_IDX_HI_DETAIL_ACT_INST` (`ACT_INST_ID_`),
  KEY `ACT_IDX_HI_DETAIL_TIME` (`TIME_`),
  KEY `ACT_IDX_HI_DETAIL_NAME` (`NAME_`),
  KEY `ACT_IDX_HI_DETAIL_TASK_ID` (`TASK_ID_`)
) ENGINE=InnoDB DEFAULT CHARSET=utf8mb3 COLLATE=utf8mb3_bin;
/*!40101 SET character_set_client = @saved_cs_client */;

--
-- Dumping data for table `act_hi_detail`
--

LOCK TABLES `act_hi_detail` WRITE;
/*!40000 ALTER TABLE `act_hi_detail` DISABLE KEYS */;
/*!40000 ALTER TABLE `act_hi_detail` ENABLE KEYS */;
UNLOCK TABLES;

--
-- Table structure for table `act_hi_entitylink`
--

DROP TABLE IF EXISTS `act_hi_entitylink`;
/*!40101 SET @saved_cs_client     = @@character_set_client */;
/*!50503 SET character_set_client = utf8mb4 */;
CREATE TABLE `act_hi_entitylink` (
  `ID_` varchar(64) COLLATE utf8mb3_bin NOT NULL,
  `LINK_TYPE_` varchar(255) COLLATE utf8mb3_bin DEFAULT NULL,
  `CREATE_TIME_` datetime(3) DEFAULT NULL,
  `SCOPE_ID_` varchar(255) COLLATE utf8mb3_bin DEFAULT NULL,
  `SUB_SCOPE_ID_` varchar(255) COLLATE utf8mb3_bin DEFAULT NULL,
  `SCOPE_TYPE_` varchar(255) COLLATE utf8mb3_bin DEFAULT NULL,
  `SCOPE_DEFINITION_ID_` varchar(255) COLLATE utf8mb3_bin DEFAULT NULL,
  `PARENT_ELEMENT_ID_` varchar(255) COLLATE utf8mb3_bin DEFAULT NULL,
  `REF_SCOPE_ID_` varchar(255) COLLATE utf8mb3_bin DEFAULT NULL,
  `REF_SCOPE_TYPE_` varchar(255) COLLATE utf8mb3_bin DEFAULT NULL,
  `REF_SCOPE_DEFINITION_ID_` varchar(255) COLLATE utf8mb3_bin DEFAULT NULL,
  `ROOT_SCOPE_ID_` varchar(255) COLLATE utf8mb3_bin DEFAULT NULL,
  `ROOT_SCOPE_TYPE_` varchar(255) COLLATE utf8mb3_bin DEFAULT NULL,
  `HIERARCHY_TYPE_` varchar(255) COLLATE utf8mb3_bin DEFAULT NULL,
  PRIMARY KEY (`ID_`),
  KEY `ACT_IDX_HI_ENT_LNK_SCOPE` (`SCOPE_ID_`,`SCOPE_TYPE_`,`LINK_TYPE_`),
  KEY `ACT_IDX_HI_ENT_LNK_REF_SCOPE` (`REF_SCOPE_ID_`,`REF_SCOPE_TYPE_`,`LINK_TYPE_`),
  KEY `ACT_IDX_HI_ENT_LNK_ROOT_SCOPE` (`ROOT_SCOPE_ID_`,`ROOT_SCOPE_TYPE_`,`LINK_TYPE_`),
  KEY `ACT_IDX_HI_ENT_LNK_SCOPE_DEF` (`SCOPE_DEFINITION_ID_`,`SCOPE_TYPE_`,`LINK_TYPE_`)
) ENGINE=InnoDB DEFAULT CHARSET=utf8mb3 COLLATE=utf8mb3_bin;
/*!40101 SET character_set_client = @saved_cs_client */;

--
-- Dumping data for table `act_hi_entitylink`
--

LOCK TABLES `act_hi_entitylink` WRITE;
/*!40000 ALTER TABLE `act_hi_entitylink` DISABLE KEYS */;
/*!40000 ALTER TABLE `act_hi_entitylink` ENABLE KEYS */;
UNLOCK TABLES;

--
-- Table structure for table `act_hi_identitylink`
--

DROP TABLE IF EXISTS `act_hi_identitylink`;
/*!40101 SET @saved_cs_client     = @@character_set_client */;
/*!50503 SET character_set_client = utf8mb4 */;
CREATE TABLE `act_hi_identitylink` (
  `ID_` varchar(64) COLLATE utf8mb3_bin NOT NULL,
  `GROUP_ID_` varchar(255) COLLATE utf8mb3_bin DEFAULT NULL,
  `TYPE_` varchar(255) COLLATE utf8mb3_bin DEFAULT NULL,
  `USER_ID_` varchar(255) COLLATE utf8mb3_bin DEFAULT NULL,
  `TASK_ID_` varchar(64) COLLATE utf8mb3_bin DEFAULT NULL,
  `CREATE_TIME_` datetime(3) DEFAULT NULL,
  `PROC_INST_ID_` varchar(64) COLLATE utf8mb3_bin DEFAULT NULL,
  `SCOPE_ID_` varchar(255) COLLATE utf8mb3_bin DEFAULT NULL,
  `SUB_SCOPE_ID_` varchar(255) COLLATE utf8mb3_bin DEFAULT NULL,
  `SCOPE_TYPE_` varchar(255) COLLATE utf8mb3_bin DEFAULT NULL,
  `SCOPE_DEFINITION_ID_` varchar(255) COLLATE utf8mb3_bin DEFAULT NULL,
  PRIMARY KEY (`ID_`),
  KEY `ACT_IDX_HI_IDENT_LNK_USER` (`USER_ID_`),
  KEY `ACT_IDX_HI_IDENT_LNK_SCOPE` (`SCOPE_ID_`,`SCOPE_TYPE_`),
  KEY `ACT_IDX_HI_IDENT_LNK_SUB_SCOPE` (`SUB_SCOPE_ID_`,`SCOPE_TYPE_`),
  KEY `ACT_IDX_HI_IDENT_LNK_SCOPE_DEF` (`SCOPE_DEFINITION_ID_`,`SCOPE_TYPE_`),
  KEY `ACT_IDX_HI_IDENT_LNK_TASK` (`TASK_ID_`),
  KEY `ACT_IDX_HI_IDENT_LNK_PROCINST` (`PROC_INST_ID_`)
) ENGINE=InnoDB DEFAULT CHARSET=utf8mb3 COLLATE=utf8mb3_bin;
/*!40101 SET character_set_client = @saved_cs_client */;

--
-- Dumping data for table `act_hi_identitylink`
--

LOCK TABLES `act_hi_identitylink` WRITE;
/*!40000 ALTER TABLE `act_hi_identitylink` DISABLE KEYS */;
INSERT INTO `act_hi_identitylink` VALUES ('1349c7b0-b316-11f0-a19d-00163e18188c',NULL,'assignee','currentUser','1349c7af-b316-11f0-a19d-00163e18188c','2025-10-27 17:19:44.274',NULL,NULL,NULL,NULL,NULL),('1349eec1-b316-11f0-a19d-00163e18188c',NULL,'participant','currentUser',NULL,'2025-10-27 17:19:44.275','1349a098-b316-11f0-a19d-00163e18188c',NULL,NULL,NULL,NULL),('fbbdf046-b2e1-11f0-a19d-00163e18188c',NULL,'assignee','currentUser','fbbd7b15-b2e1-11f0-a19d-00163e18188c','2025-10-27 11:06:50.940',NULL,NULL,NULL,NULL,NULL),('fbbe1757-b2e1-11f0-a19d-00163e18188c',NULL,'participant','currentUser',NULL,'2025-10-27 11:06:50.941','fbb7d5be-b2e1-11f0-a19d-00163e18188c',NULL,NULL,NULL,NULL);
/*!40000 ALTER TABLE `act_hi_identitylink` ENABLE KEYS */;
UNLOCK TABLES;

--
-- Table structure for table `act_hi_procinst`
--

DROP TABLE IF EXISTS `act_hi_procinst`;
/*!40101 SET @saved_cs_client     = @@character_set_client */;
/*!50503 SET character_set_client = utf8mb4 */;
CREATE TABLE `act_hi_procinst` (
  `ID_` varchar(64) COLLATE utf8mb3_bin NOT NULL,
  `REV_` int DEFAULT '1',
  `PROC_INST_ID_` varchar(64) COLLATE utf8mb3_bin NOT NULL,
  `BUSINESS_KEY_` varchar(255) COLLATE utf8mb3_bin DEFAULT NULL,
  `PROC_DEF_ID_` varchar(64) COLLATE utf8mb3_bin NOT NULL,
  `START_TIME_` datetime(3) NOT NULL,
  `END_TIME_` datetime(3) DEFAULT NULL,
  `DURATION_` bigint DEFAULT NULL,
  `START_USER_ID_` varchar(255) COLLATE utf8mb3_bin DEFAULT NULL,
  `START_ACT_ID_` varchar(255) COLLATE utf8mb3_bin DEFAULT NULL,
  `END_ACT_ID_` varchar(255) COLLATE utf8mb3_bin DEFAULT NULL,
  `SUPER_PROCESS_INSTANCE_ID_` varchar(64) COLLATE utf8mb3_bin DEFAULT NULL,
  `DELETE_REASON_` varchar(4000) COLLATE utf8mb3_bin DEFAULT NULL,
  `TENANT_ID_` varchar(255) COLLATE utf8mb3_bin DEFAULT '',
  `NAME_` varchar(255) COLLATE utf8mb3_bin DEFAULT NULL,
  `CALLBACK_ID_` varchar(255) COLLATE utf8mb3_bin DEFAULT NULL,
  `CALLBACK_TYPE_` varchar(255) COLLATE utf8mb3_bin DEFAULT NULL,
  `REFERENCE_ID_` varchar(255) COLLATE utf8mb3_bin DEFAULT NULL,
  `REFERENCE_TYPE_` varchar(255) COLLATE utf8mb3_bin DEFAULT NULL,
  `PROPAGATED_STAGE_INST_ID_` varchar(255) COLLATE utf8mb3_bin DEFAULT NULL,
  `BUSINESS_STATUS_` varchar(255) COLLATE utf8mb3_bin DEFAULT NULL,
  PRIMARY KEY (`ID_`),
  UNIQUE KEY `PROC_INST_ID_` (`PROC_INST_ID_`),
  KEY `ACT_IDX_HI_PRO_INST_END` (`END_TIME_`),
  KEY `ACT_IDX_HI_PRO_I_BUSKEY` (`BUSINESS_KEY_`),
  KEY `ACT_IDX_HI_PRO_SUPER_PROCINST` (`SUPER_PROCESS_INSTANCE_ID_`)
) ENGINE=InnoDB DEFAULT CHARSET=utf8mb3 COLLATE=utf8mb3_bin;
/*!40101 SET character_set_client = @saved_cs_client */;

--
-- Dumping data for table `act_hi_procinst`
--

LOCK TABLES `act_hi_procinst` WRITE;
/*!40000 ALTER TABLE `act_hi_procinst` DISABLE KEYS */;
INSERT INTO `act_hi_procinst` VALUES ('1349a098-b316-11f0-a19d-00163e18188c',1,'1349a098-b316-11f0-a19d-00163e18188c',NULL,'leaveProcess:1:925672cd-b2e1-11f0-a19d-00163e18188c','2025-10-27 17:19:44.273',NULL,NULL,NULL,'start',NULL,NULL,NULL,'',NULL,NULL,NULL,NULL,NULL,NULL,NULL),('fbb7d5be-b2e1-11f0-a19d-00163e18188c',1,'fbb7d5be-b2e1-11f0-a19d-00163e18188c',NULL,'leaveProcess:1:925672cd-b2e1-11f0-a19d-00163e18188c','2025-10-27 11:06:50.900',NULL,NULL,NULL,'start',NULL,NULL,NULL,'',NULL,NULL,NULL,NULL,NULL,NULL,NULL);
/*!40000 ALTER TABLE `act_hi_procinst` ENABLE KEYS */;
UNLOCK TABLES;

--
-- Table structure for table `act_hi_taskinst`
--

DROP TABLE IF EXISTS `act_hi_taskinst`;
/*!40101 SET @saved_cs_client     = @@character_set_client */;
/*!50503 SET character_set_client = utf8mb4 */;
CREATE TABLE `act_hi_taskinst` (
  `ID_` varchar(64) COLLATE utf8mb3_bin NOT NULL,
  `REV_` int DEFAULT '1',
  `PROC_DEF_ID_` varchar(64) COLLATE utf8mb3_bin DEFAULT NULL,
  `TASK_DEF_ID_` varchar(64) COLLATE utf8mb3_bin DEFAULT NULL,
  `TASK_DEF_KEY_` varchar(255) COLLATE utf8mb3_bin DEFAULT NULL,
  `PROC_INST_ID_` varchar(64) COLLATE utf8mb3_bin DEFAULT NULL,
  `EXECUTION_ID_` varchar(64) COLLATE utf8mb3_bin DEFAULT NULL,
  `SCOPE_ID_` varchar(255) COLLATE utf8mb3_bin DEFAULT NULL,
  `SUB_SCOPE_ID_` varchar(255) COLLATE utf8mb3_bin DEFAULT NULL,
  `SCOPE_TYPE_` varchar(255) COLLATE utf8mb3_bin DEFAULT NULL,
  `SCOPE_DEFINITION_ID_` varchar(255) COLLATE utf8mb3_bin DEFAULT NULL,
  `PROPAGATED_STAGE_INST_ID_` varchar(255) COLLATE utf8mb3_bin DEFAULT NULL,
  `NAME_` varchar(255) COLLATE utf8mb3_bin DEFAULT NULL,
  `PARENT_TASK_ID_` varchar(64) COLLATE utf8mb3_bin DEFAULT NULL,
  `DESCRIPTION_` varchar(4000) COLLATE utf8mb3_bin DEFAULT NULL,
  `OWNER_` varchar(255) COLLATE utf8mb3_bin DEFAULT NULL,
  `ASSIGNEE_` varchar(255) COLLATE utf8mb3_bin DEFAULT NULL,
  `START_TIME_` datetime(3) NOT NULL,
  `CLAIM_TIME_` datetime(3) DEFAULT NULL,
  `END_TIME_` datetime(3) DEFAULT NULL,
  `DURATION_` bigint DEFAULT NULL,
  `DELETE_REASON_` varchar(4000) COLLATE utf8mb3_bin DEFAULT NULL,
  `PRIORITY_` int DEFAULT NULL,
  `DUE_DATE_` datetime(3) DEFAULT NULL,
  `FORM_KEY_` varchar(255) COLLATE utf8mb3_bin DEFAULT NULL,
  `CATEGORY_` varchar(255) COLLATE utf8mb3_bin DEFAULT NULL,
  `TENANT_ID_` varchar(255) COLLATE utf8mb3_bin DEFAULT '',
  `LAST_UPDATED_TIME_` datetime(3) DEFAULT NULL,
  PRIMARY KEY (`ID_`),
  KEY `ACT_IDX_HI_TASK_SCOPE` (`SCOPE_ID_`,`SCOPE_TYPE_`),
  KEY `ACT_IDX_HI_TASK_SUB_SCOPE` (`SUB_SCOPE_ID_`,`SCOPE_TYPE_`),
  KEY `ACT_IDX_HI_TASK_SCOPE_DEF` (`SCOPE_DEFINITION_ID_`,`SCOPE_TYPE_`),
  KEY `ACT_IDX_HI_TASK_INST_PROCINST` (`PROC_INST_ID_`)
) ENGINE=InnoDB DEFAULT CHARSET=utf8mb3 COLLATE=utf8mb3_bin;
/*!40101 SET character_set_client = @saved_cs_client */;

--
-- Dumping data for table `act_hi_taskinst`
--

LOCK TABLES `act_hi_taskinst` WRITE;
/*!40000 ALTER TABLE `act_hi_taskinst` DISABLE KEYS */;
INSERT INTO `act_hi_taskinst` VALUES ('1349c7af-b316-11f0-a19d-00163e18188c',1,'leaveProcess:1:925672cd-b2e1-11f0-a19d-00163e18188c',NULL,'submit','1349a098-b316-11f0-a19d-00163e18188c','1349c7ab-b316-11f0-a19d-00163e18188c',NULL,NULL,NULL,NULL,NULL,'',NULL,NULL,NULL,'currentUser','2025-10-27 17:19:44.274',NULL,NULL,NULL,NULL,50,NULL,NULL,NULL,'','2025-10-27 17:19:44.274'),('fbbd7b15-b2e1-11f0-a19d-00163e18188c',1,'leaveProcess:1:925672cd-b2e1-11f0-a19d-00163e18188c',NULL,'submit','fbb7d5be-b2e1-11f0-a19d-00163e18188c','fbb823e1-b2e1-11f0-a19d-00163e18188c',NULL,NULL,NULL,NULL,NULL,'',NULL,NULL,NULL,'currentUser','2025-10-27 11:06:50.911',NULL,NULL,NULL,NULL,50,NULL,NULL,NULL,'','2025-10-27 11:06:50.940');
/*!40000 ALTER TABLE `act_hi_taskinst` ENABLE KEYS */;
UNLOCK TABLES;

--
-- Table structure for table `act_hi_tsk_log`
--

DROP TABLE IF EXISTS `act_hi_tsk_log`;
/*!40101 SET @saved_cs_client     = @@character_set_client */;
/*!50503 SET character_set_client = utf8mb4 */;
CREATE TABLE `act_hi_tsk_log` (
  `ID_` bigint NOT NULL AUTO_INCREMENT,
  `TYPE_` varchar(64) COLLATE utf8mb3_bin DEFAULT NULL,
  `TASK_ID_` varchar(64) COLLATE utf8mb3_bin NOT NULL,
  `TIME_STAMP_` timestamp(3) NOT NULL,
  `USER_ID_` varchar(255) COLLATE utf8mb3_bin DEFAULT NULL,
  `DATA_` varchar(4000) COLLATE utf8mb3_bin DEFAULT NULL,
  `EXECUTION_ID_` varchar(64) COLLATE utf8mb3_bin DEFAULT NULL,
  `PROC_INST_ID_` varchar(64) COLLATE utf8mb3_bin DEFAULT NULL,
  `PROC_DEF_ID_` varchar(64) COLLATE utf8mb3_bin DEFAULT NULL,
  `SCOPE_ID_` varchar(255) COLLATE utf8mb3_bin DEFAULT NULL,
  `SCOPE_DEFINITION_ID_` varchar(255) COLLATE utf8mb3_bin DEFAULT NULL,
  `SUB_SCOPE_ID_` varchar(255) COLLATE utf8mb3_bin DEFAULT NULL,
  `SCOPE_TYPE_` varchar(255) COLLATE utf8mb3_bin DEFAULT NULL,
  `TENANT_ID_` varchar(255) COLLATE utf8mb3_bin DEFAULT '',
  PRIMARY KEY (`ID_`)
) ENGINE=InnoDB DEFAULT CHARSET=utf8mb3 COLLATE=utf8mb3_bin;
/*!40101 SET character_set_client = @saved_cs_client */;

--
-- Dumping data for table `act_hi_tsk_log`
--

LOCK TABLES `act_hi_tsk_log` WRITE;
/*!40000 ALTER TABLE `act_hi_tsk_log` DISABLE KEYS */;
/*!40000 ALTER TABLE `act_hi_tsk_log` ENABLE KEYS */;
UNLOCK TABLES;

--
-- Table structure for table `act_hi_varinst`
--

DROP TABLE IF EXISTS `act_hi_varinst`;
/*!40101 SET @saved_cs_client     = @@character_set_client */;
/*!50503 SET character_set_client = utf8mb4 */;
CREATE TABLE `act_hi_varinst` (
  `ID_` varchar(64) COLLATE utf8mb3_bin NOT NULL,
  `REV_` int DEFAULT '1',
  `PROC_INST_ID_` varchar(64) COLLATE utf8mb3_bin DEFAULT NULL,
  `EXECUTION_ID_` varchar(64) COLLATE utf8mb3_bin DEFAULT NULL,
  `TASK_ID_` varchar(64) COLLATE utf8mb3_bin DEFAULT NULL,
  `NAME_` varchar(255) COLLATE utf8mb3_bin NOT NULL,
  `VAR_TYPE_` varchar(100) COLLATE utf8mb3_bin DEFAULT NULL,
  `SCOPE_ID_` varchar(255) COLLATE utf8mb3_bin DEFAULT NULL,
  `SUB_SCOPE_ID_` varchar(255) COLLATE utf8mb3_bin DEFAULT NULL,
  `SCOPE_TYPE_` varchar(255) COLLATE utf8mb3_bin DEFAULT NULL,
  `BYTEARRAY_ID_` varchar(64) COLLATE utf8mb3_bin DEFAULT NULL,
  `DOUBLE_` double DEFAULT NULL,
  `LONG_` bigint DEFAULT NULL,
  `TEXT_` varchar(4000) COLLATE utf8mb3_bin DEFAULT NULL,
  `TEXT2_` varchar(4000) COLLATE utf8mb3_bin DEFAULT NULL,
  `CREATE_TIME_` datetime(3) DEFAULT NULL,
  `LAST_UPDATED_TIME_` datetime(3) DEFAULT NULL,
  PRIMARY KEY (`ID_`),
  KEY `ACT_IDX_HI_PROCVAR_NAME_TYPE` (`NAME_`,`VAR_TYPE_`),
  KEY `ACT_IDX_HI_VAR_SCOPE_ID_TYPE` (`SCOPE_ID_`,`SCOPE_TYPE_`),
  KEY `ACT_IDX_HI_VAR_SUB_ID_TYPE` (`SUB_SCOPE_ID_`,`SCOPE_TYPE_`),
  KEY `ACT_IDX_HI_PROCVAR_PROC_INST` (`PROC_INST_ID_`),
  KEY `ACT_IDX_HI_PROCVAR_TASK_ID` (`TASK_ID_`),
  KEY `ACT_IDX_HI_PROCVAR_EXE` (`EXECUTION_ID_`)
) ENGINE=InnoDB DEFAULT CHARSET=utf8mb3 COLLATE=utf8mb3_bin;
/*!40101 SET character_set_client = @saved_cs_client */;

--
-- Dumping data for table `act_hi_varinst`
--

LOCK TABLES `act_hi_varinst` WRITE;
/*!40000 ALTER TABLE `act_hi_varinst` DISABLE KEYS */;
INSERT INTO `act_hi_varinst` VALUES ('1349a099-b316-11f0-a19d-00163e18188c',0,'1349a098-b316-11f0-a19d-00163e18188c','1349a098-b316-11f0-a19d-00163e18188c',NULL,'starter','string',NULL,NULL,NULL,NULL,NULL,NULL,'currentUser',NULL,'2025-10-27 17:19:44.273','2025-10-27 17:19:44.273'),('1349a09a-b316-11f0-a19d-00163e18188c',0,'1349a098-b316-11f0-a19d-00163e18188c','1349a098-b316-11f0-a19d-00163e18188c',NULL,'leaveId','long',NULL,NULL,NULL,NULL,NULL,1982738976936640514,'1982738976936640514',NULL,'2025-10-27 17:19:44.274','2025-10-27 17:19:44.274'),('fbb7d5bf-b2e1-11f0-a19d-00163e18188c',0,'fbb7d5be-b2e1-11f0-a19d-00163e18188c','fbb7d5be-b2e1-11f0-a19d-00163e18188c',NULL,'starter','string',NULL,NULL,NULL,NULL,NULL,NULL,'currentUser',NULL,'2025-10-27 11:06:50.902','2025-10-27 11:06:50.902'),('fbb823e0-b2e1-11f0-a19d-00163e18188c',0,'fbb7d5be-b2e1-11f0-a19d-00163e18188c','fbb7d5be-b2e1-11f0-a19d-00163e18188c',NULL,'leaveId','long',NULL,NULL,NULL,NULL,NULL,1982645136171024386,'1982645136171024386',NULL,'2025-10-27 11:06:50.902','2025-10-27 11:06:50.902');
/*!40000 ALTER TABLE `act_hi_varinst` ENABLE KEYS */;
UNLOCK TABLES;

--
-- Table structure for table `act_id_bytearray`
--

DROP TABLE IF EXISTS `act_id_bytearray`;
/*!40101 SET @saved_cs_client     = @@character_set_client */;
/*!50503 SET character_set_client = utf8mb4 */;
CREATE TABLE `act_id_bytearray` (
  `ID_` varchar(64) COLLATE utf8mb3_bin NOT NULL,
  `REV_` int DEFAULT NULL,
  `NAME_` varchar(255) COLLATE utf8mb3_bin DEFAULT NULL,
  `BYTES_` longblob,
  PRIMARY KEY (`ID_`)
) ENGINE=InnoDB DEFAULT CHARSET=utf8mb3 COLLATE=utf8mb3_bin;
/*!40101 SET character_set_client = @saved_cs_client */;

--
-- Dumping data for table `act_id_bytearray`
--

LOCK TABLES `act_id_bytearray` WRITE;
/*!40000 ALTER TABLE `act_id_bytearray` DISABLE KEYS */;
/*!40000 ALTER TABLE `act_id_bytearray` ENABLE KEYS */;
UNLOCK TABLES;

--
-- Table structure for table `act_id_group`
--

DROP TABLE IF EXISTS `act_id_group`;
/*!40101 SET @saved_cs_client     = @@character_set_client */;
/*!50503 SET character_set_client = utf8mb4 */;
CREATE TABLE `act_id_group` (
  `ID_` varchar(64) COLLATE utf8mb3_bin NOT NULL,
  `REV_` int DEFAULT NULL,
  `NAME_` varchar(255) COLLATE utf8mb3_bin DEFAULT NULL,
  `TYPE_` varchar(255) COLLATE utf8mb3_bin DEFAULT NULL,
  PRIMARY KEY (`ID_`)
) ENGINE=InnoDB DEFAULT CHARSET=utf8mb3 COLLATE=utf8mb3_bin;
/*!40101 SET character_set_client = @saved_cs_client */;

--
-- Dumping data for table `act_id_group`
--

LOCK TABLES `act_id_group` WRITE;
/*!40000 ALTER TABLE `act_id_group` DISABLE KEYS */;
/*!40000 ALTER TABLE `act_id_group` ENABLE KEYS */;
UNLOCK TABLES;

--
-- Table structure for table `act_id_info`
--

DROP TABLE IF EXISTS `act_id_info`;
/*!40101 SET @saved_cs_client     = @@character_set_client */;
/*!50503 SET character_set_client = utf8mb4 */;
CREATE TABLE `act_id_info` (
  `ID_` varchar(64) COLLATE utf8mb3_bin NOT NULL,
  `REV_` int DEFAULT NULL,
  `USER_ID_` varchar(64) COLLATE utf8mb3_bin DEFAULT NULL,
  `TYPE_` varchar(64) COLLATE utf8mb3_bin DEFAULT NULL,
  `KEY_` varchar(255) COLLATE utf8mb3_bin DEFAULT NULL,
  `VALUE_` varchar(255) COLLATE utf8mb3_bin DEFAULT NULL,
  `PASSWORD_` longblob,
  `PARENT_ID_` varchar(255) COLLATE utf8mb3_bin DEFAULT NULL,
  PRIMARY KEY (`ID_`)
) ENGINE=InnoDB DEFAULT CHARSET=utf8mb3 COLLATE=utf8mb3_bin;
/*!40101 SET character_set_client = @saved_cs_client */;

--
-- Dumping data for table `act_id_info`
--

LOCK TABLES `act_id_info` WRITE;
/*!40000 ALTER TABLE `act_id_info` DISABLE KEYS */;
/*!40000 ALTER TABLE `act_id_info` ENABLE KEYS */;
UNLOCK TABLES;

--
-- Table structure for table `act_id_membership`
--

DROP TABLE IF EXISTS `act_id_membership`;
/*!40101 SET @saved_cs_client     = @@character_set_client */;
/*!50503 SET character_set_client = utf8mb4 */;
CREATE TABLE `act_id_membership` (
  `USER_ID_` varchar(64) COLLATE utf8mb3_bin NOT NULL,
  `GROUP_ID_` varchar(64) COLLATE utf8mb3_bin NOT NULL,
  PRIMARY KEY (`USER_ID_`,`GROUP_ID_`),
  KEY `ACT_FK_MEMB_GROUP` (`GROUP_ID_`),
  CONSTRAINT `ACT_FK_MEMB_GROUP` FOREIGN KEY (`GROUP_ID_`) REFERENCES `act_id_group` (`ID_`),
  CONSTRAINT `ACT_FK_MEMB_USER` FOREIGN KEY (`USER_ID_`) REFERENCES `act_id_user` (`ID_`)
) ENGINE=InnoDB DEFAULT CHARSET=utf8mb3 COLLATE=utf8mb3_bin;
/*!40101 SET character_set_client = @saved_cs_client */;

--
-- Dumping data for table `act_id_membership`
--

LOCK TABLES `act_id_membership` WRITE;
/*!40000 ALTER TABLE `act_id_membership` DISABLE KEYS */;
/*!40000 ALTER TABLE `act_id_membership` ENABLE KEYS */;
UNLOCK TABLES;

--
-- Table structure for table `act_id_priv`
--

DROP TABLE IF EXISTS `act_id_priv`;
/*!40101 SET @saved_cs_client     = @@character_set_client */;
/*!50503 SET character_set_client = utf8mb4 */;
CREATE TABLE `act_id_priv` (
  `ID_` varchar(64) COLLATE utf8mb3_bin NOT NULL,
  `NAME_` varchar(255) COLLATE utf8mb3_bin NOT NULL,
  PRIMARY KEY (`ID_`),
  UNIQUE KEY `ACT_UNIQ_PRIV_NAME` (`NAME_`)
) ENGINE=InnoDB DEFAULT CHARSET=utf8mb3 COLLATE=utf8mb3_bin;
/*!40101 SET character_set_client = @saved_cs_client */;

--
-- Dumping data for table `act_id_priv`
--

LOCK TABLES `act_id_priv` WRITE;
/*!40000 ALTER TABLE `act_id_priv` DISABLE KEYS */;
/*!40000 ALTER TABLE `act_id_priv` ENABLE KEYS */;
UNLOCK TABLES;

--
-- Table structure for table `act_id_priv_mapping`
--

DROP TABLE IF EXISTS `act_id_priv_mapping`;
/*!40101 SET @saved_cs_client     = @@character_set_client */;
/*!50503 SET character_set_client = utf8mb4 */;
CREATE TABLE `act_id_priv_mapping` (
  `ID_` varchar(64) COLLATE utf8mb3_bin NOT NULL,
  `PRIV_ID_` varchar(64) COLLATE utf8mb3_bin NOT NULL,
  `USER_ID_` varchar(255) COLLATE utf8mb3_bin DEFAULT NULL,
  `GROUP_ID_` varchar(255) COLLATE utf8mb3_bin DEFAULT NULL,
  PRIMARY KEY (`ID_`),
  KEY `ACT_FK_PRIV_MAPPING` (`PRIV_ID_`),
  KEY `ACT_IDX_PRIV_USER` (`USER_ID_`),
  KEY `ACT_IDX_PRIV_GROUP` (`GROUP_ID_`),
  CONSTRAINT `ACT_FK_PRIV_MAPPING` FOREIGN KEY (`PRIV_ID_`) REFERENCES `act_id_priv` (`ID_`)
) ENGINE=InnoDB DEFAULT CHARSET=utf8mb3 COLLATE=utf8mb3_bin;
/*!40101 SET character_set_client = @saved_cs_client */;

--
-- Dumping data for table `act_id_priv_mapping`
--

LOCK TABLES `act_id_priv_mapping` WRITE;
/*!40000 ALTER TABLE `act_id_priv_mapping` DISABLE KEYS */;
/*!40000 ALTER TABLE `act_id_priv_mapping` ENABLE KEYS */;
UNLOCK TABLES;

--
-- Table structure for table `act_id_property`
--

DROP TABLE IF EXISTS `act_id_property`;
/*!40101 SET @saved_cs_client     = @@character_set_client */;
/*!50503 SET character_set_client = utf8mb4 */;
CREATE TABLE `act_id_property` (
  `NAME_` varchar(64) COLLATE utf8mb3_bin NOT NULL,
  `VALUE_` varchar(300) COLLATE utf8mb3_bin DEFAULT NULL,
  `REV_` int DEFAULT NULL,
  PRIMARY KEY (`NAME_`)
) ENGINE=InnoDB DEFAULT CHARSET=utf8mb3 COLLATE=utf8mb3_bin;
/*!40101 SET character_set_client = @saved_cs_client */;

--
-- Dumping data for table `act_id_property`
--

LOCK TABLES `act_id_property` WRITE;
/*!40000 ALTER TABLE `act_id_property` DISABLE KEYS */;
INSERT INTO `act_id_property` VALUES ('schema.version','6.8.0.0',1);
/*!40000 ALTER TABLE `act_id_property` ENABLE KEYS */;
UNLOCK TABLES;

--
-- Table structure for table `act_id_token`
--

DROP TABLE IF EXISTS `act_id_token`;
/*!40101 SET @saved_cs_client     = @@character_set_client */;
/*!50503 SET character_set_client = utf8mb4 */;
CREATE TABLE `act_id_token` (
  `ID_` varchar(64) COLLATE utf8mb3_bin NOT NULL,
  `REV_` int DEFAULT NULL,
  `TOKEN_VALUE_` varchar(255) COLLATE utf8mb3_bin DEFAULT NULL,
  `TOKEN_DATE_` timestamp(3) NULL DEFAULT NULL,
  `IP_ADDRESS_` varchar(255) COLLATE utf8mb3_bin DEFAULT NULL,
  `USER_AGENT_` varchar(255) COLLATE utf8mb3_bin DEFAULT NULL,
  `USER_ID_` varchar(255) COLLATE utf8mb3_bin DEFAULT NULL,
  `TOKEN_DATA_` varchar(2000) COLLATE utf8mb3_bin DEFAULT NULL,
  PRIMARY KEY (`ID_`)
) ENGINE=InnoDB DEFAULT CHARSET=utf8mb3 COLLATE=utf8mb3_bin;
/*!40101 SET character_set_client = @saved_cs_client */;

--
-- Dumping data for table `act_id_token`
--

LOCK TABLES `act_id_token` WRITE;
/*!40000 ALTER TABLE `act_id_token` DISABLE KEYS */;
/*!40000 ALTER TABLE `act_id_token` ENABLE KEYS */;
UNLOCK TABLES;

--
-- Table structure for table `act_id_user`
--

DROP TABLE IF EXISTS `act_id_user`;
/*!40101 SET @saved_cs_client     = @@character_set_client */;
/*!50503 SET character_set_client = utf8mb4 */;
CREATE TABLE `act_id_user` (
  `ID_` varchar(64) COLLATE utf8mb3_bin NOT NULL,
  `REV_` int DEFAULT NULL,
  `FIRST_` varchar(255) COLLATE utf8mb3_bin DEFAULT NULL,
  `LAST_` varchar(255) COLLATE utf8mb3_bin DEFAULT NULL,
  `DISPLAY_NAME_` varchar(255) COLLATE utf8mb3_bin DEFAULT NULL,
  `EMAIL_` varchar(255) COLLATE utf8mb3_bin DEFAULT NULL,
  `PWD_` varchar(255) COLLATE utf8mb3_bin DEFAULT NULL,
  `PICTURE_ID_` varchar(64) COLLATE utf8mb3_bin DEFAULT NULL,
  `TENANT_ID_` varchar(255) COLLATE utf8mb3_bin DEFAULT '',
  PRIMARY KEY (`ID_`)
) ENGINE=InnoDB DEFAULT CHARSET=utf8mb3 COLLATE=utf8mb3_bin;
/*!40101 SET character_set_client = @saved_cs_client */;

--
-- Dumping data for table `act_id_user`
--

LOCK TABLES `act_id_user` WRITE;
/*!40000 ALTER TABLE `act_id_user` DISABLE KEYS */;
/*!40000 ALTER TABLE `act_id_user` ENABLE KEYS */;
UNLOCK TABLES;

--
-- Table structure for table `act_procdef_info`
--

DROP TABLE IF EXISTS `act_procdef_info`;
/*!40101 SET @saved_cs_client     = @@character_set_client */;
/*!50503 SET character_set_client = utf8mb4 */;
CREATE TABLE `act_procdef_info` (
  `ID_` varchar(64) COLLATE utf8mb3_bin NOT NULL,
  `PROC_DEF_ID_` varchar(64) COLLATE utf8mb3_bin NOT NULL,
  `REV_` int DEFAULT NULL,
  `INFO_JSON_ID_` varchar(64) COLLATE utf8mb3_bin DEFAULT NULL,
  PRIMARY KEY (`ID_`),
  UNIQUE KEY `ACT_UNIQ_INFO_PROCDEF` (`PROC_DEF_ID_`),
  KEY `ACT_IDX_INFO_PROCDEF` (`PROC_DEF_ID_`),
  KEY `ACT_FK_INFO_JSON_BA` (`INFO_JSON_ID_`),
  CONSTRAINT `ACT_FK_INFO_JSON_BA` FOREIGN KEY (`INFO_JSON_ID_`) REFERENCES `act_ge_bytearray` (`ID_`),
  CONSTRAINT `ACT_FK_INFO_PROCDEF` FOREIGN KEY (`PROC_DEF_ID_`) REFERENCES `act_re_procdef` (`ID_`)
) ENGINE=InnoDB DEFAULT CHARSET=utf8mb3 COLLATE=utf8mb3_bin;
/*!40101 SET character_set_client = @saved_cs_client */;

--
-- Dumping data for table `act_procdef_info`
--

LOCK TABLES `act_procdef_info` WRITE;
/*!40000 ALTER TABLE `act_procdef_info` DISABLE KEYS */;
/*!40000 ALTER TABLE `act_procdef_info` ENABLE KEYS */;
UNLOCK TABLES;

--
-- Table structure for table `act_re_deployment`
--

DROP TABLE IF EXISTS `act_re_deployment`;
/*!40101 SET @saved_cs_client     = @@character_set_client */;
/*!50503 SET character_set_client = utf8mb4 */;
CREATE TABLE `act_re_deployment` (
  `ID_` varchar(64) COLLATE utf8mb3_bin NOT NULL,
  `NAME_` varchar(255) COLLATE utf8mb3_bin DEFAULT NULL,
  `CATEGORY_` varchar(255) COLLATE utf8mb3_bin DEFAULT NULL,
  `KEY_` varchar(255) COLLATE utf8mb3_bin DEFAULT NULL,
  `TENANT_ID_` varchar(255) COLLATE utf8mb3_bin DEFAULT '',
  `DEPLOY_TIME_` timestamp(3) NULL DEFAULT NULL,
  `DERIVED_FROM_` varchar(64) COLLATE utf8mb3_bin DEFAULT NULL,
  `DERIVED_FROM_ROOT_` varchar(64) COLLATE utf8mb3_bin DEFAULT NULL,
  `PARENT_DEPLOYMENT_ID_` varchar(255) COLLATE utf8mb3_bin DEFAULT NULL,
  `ENGINE_VERSION_` varchar(255) COLLATE utf8mb3_bin DEFAULT NULL,
  PRIMARY KEY (`ID_`)
) ENGINE=InnoDB DEFAULT CHARSET=utf8mb3 COLLATE=utf8mb3_bin;
/*!40101 SET character_set_client = @saved_cs_client */;

--
-- Dumping data for table `act_re_deployment`
--

LOCK TABLES `act_re_deployment` WRITE;
/*!40000 ALTER TABLE `act_re_deployment` DISABLE KEYS */;
INSERT INTO `act_re_deployment` VALUES ('923dbaab-b2e1-11f0-a19d-00163e18188c','SpringBootAutoDeployment',NULL,NULL,'','2025-10-27 03:03:53.935',NULL,NULL,'923dbaab-b2e1-11f0-a19d-00163e18188c',NULL),('958f8a32-b479-11f0-9f9c-00163e18188c','SpringBootAutoDeployment',NULL,NULL,'','2025-10-29 03:44:34.156',NULL,NULL,'958f8a32-b479-11f0-9f9c-00163e18188c',NULL),('c4b8de33-b3a9-11f0-93ba-00163e18188c','SpringBootAutoDeployment',NULL,NULL,'','2025-10-28 02:56:57.964',NULL,NULL,'c4b8de33-b3a9-11f0-93ba-00163e18188c',NULL);
/*!40000 ALTER TABLE `act_re_deployment` ENABLE KEYS */;
UNLOCK TABLES;

--
-- Table structure for table `act_re_model`
--

DROP TABLE IF EXISTS `act_re_model`;
/*!40101 SET @saved_cs_client     = @@character_set_client */;
/*!50503 SET character_set_client = utf8mb4 */;
CREATE TABLE `act_re_model` (
  `ID_` varchar(64) COLLATE utf8mb3_bin NOT NULL,
  `REV_` int DEFAULT NULL,
  `NAME_` varchar(255) COLLATE utf8mb3_bin DEFAULT NULL,
  `KEY_` varchar(255) COLLATE utf8mb3_bin DEFAULT NULL,
  `CATEGORY_` varchar(255) COLLATE utf8mb3_bin DEFAULT NULL,
  `CREATE_TIME_` timestamp(3) NULL DEFAULT NULL,
  `LAST_UPDATE_TIME_` timestamp(3) NULL DEFAULT NULL,
  `VERSION_` int DEFAULT NULL,
  `META_INFO_` varchar(4000) COLLATE utf8mb3_bin DEFAULT NULL,
  `DEPLOYMENT_ID_` varchar(64) COLLATE utf8mb3_bin DEFAULT NULL,
  `EDITOR_SOURCE_VALUE_ID_` varchar(64) COLLATE utf8mb3_bin DEFAULT NULL,
  `EDITOR_SOURCE_EXTRA_VALUE_ID_` varchar(64) COLLATE utf8mb3_bin DEFAULT NULL,
  `TENANT_ID_` varchar(255) COLLATE utf8mb3_bin DEFAULT '',
  PRIMARY KEY (`ID_`),
  KEY `ACT_FK_MODEL_SOURCE` (`EDITOR_SOURCE_VALUE_ID_`),
  KEY `ACT_FK_MODEL_SOURCE_EXTRA` (`EDITOR_SOURCE_EXTRA_VALUE_ID_`),
  KEY `ACT_FK_MODEL_DEPLOYMENT` (`DEPLOYMENT_ID_`),
  CONSTRAINT `ACT_FK_MODEL_DEPLOYMENT` FOREIGN KEY (`DEPLOYMENT_ID_`) REFERENCES `act_re_deployment` (`ID_`),
  CONSTRAINT `ACT_FK_MODEL_SOURCE` FOREIGN KEY (`EDITOR_SOURCE_VALUE_ID_`) REFERENCES `act_ge_bytearray` (`ID_`),
  CONSTRAINT `ACT_FK_MODEL_SOURCE_EXTRA` FOREIGN KEY (`EDITOR_SOURCE_EXTRA_VALUE_ID_`) REFERENCES `act_ge_bytearray` (`ID_`)
) ENGINE=InnoDB DEFAULT CHARSET=utf8mb3 COLLATE=utf8mb3_bin;
/*!40101 SET character_set_client = @saved_cs_client */;

--
-- Dumping data for table `act_re_model`
--

LOCK TABLES `act_re_model` WRITE;
/*!40000 ALTER TABLE `act_re_model` DISABLE KEYS */;
/*!40000 ALTER TABLE `act_re_model` ENABLE KEYS */;
UNLOCK TABLES;

--
-- Table structure for table `act_re_procdef`
--

DROP TABLE IF EXISTS `act_re_procdef`;
/*!40101 SET @saved_cs_client     = @@character_set_client */;
/*!50503 SET character_set_client = utf8mb4 */;
CREATE TABLE `act_re_procdef` (
  `ID_` varchar(64) COLLATE utf8mb3_bin NOT NULL,
  `REV_` int DEFAULT NULL,
  `CATEGORY_` varchar(255) COLLATE utf8mb3_bin DEFAULT NULL,
  `NAME_` varchar(255) COLLATE utf8mb3_bin DEFAULT NULL,
  `KEY_` varchar(255) COLLATE utf8mb3_bin NOT NULL,
  `VERSION_` int NOT NULL,
  `DEPLOYMENT_ID_` varchar(64) COLLATE utf8mb3_bin DEFAULT NULL,
  `RESOURCE_NAME_` varchar(4000) COLLATE utf8mb3_bin DEFAULT NULL,
  `DGRM_RESOURCE_NAME_` varchar(4000) COLLATE utf8mb3_bin DEFAULT NULL,
  `DESCRIPTION_` varchar(4000) COLLATE utf8mb3_bin DEFAULT NULL,
  `HAS_START_FORM_KEY_` tinyint DEFAULT NULL,
  `HAS_GRAPHICAL_NOTATION_` tinyint DEFAULT NULL,
  `SUSPENSION_STATE_` int DEFAULT NULL,
  `TENANT_ID_` varchar(255) COLLATE utf8mb3_bin DEFAULT '',
  `ENGINE_VERSION_` varchar(255) COLLATE utf8mb3_bin DEFAULT NULL,
  `DERIVED_FROM_` varchar(64) COLLATE utf8mb3_bin DEFAULT NULL,
  `DERIVED_FROM_ROOT_` varchar(64) COLLATE utf8mb3_bin DEFAULT NULL,
  `DERIVED_VERSION_` int NOT NULL DEFAULT '0',
  PRIMARY KEY (`ID_`),
  UNIQUE KEY `ACT_UNIQ_PROCDEF` (`KEY_`,`VERSION_`,`DERIVED_VERSION_`,`TENANT_ID_`)
) ENGINE=InnoDB DEFAULT CHARSET=utf8mb3 COLLATE=utf8mb3_bin;
/*!40101 SET character_set_client = @saved_cs_client */;

--
-- Dumping data for table `act_re_procdef`
--

LOCK TABLES `act_re_procdef` WRITE;
/*!40000 ALTER TABLE `act_re_procdef` DISABLE KEYS */;
INSERT INTO `act_re_procdef` VALUES ('leaveProcess:1:925672cd-b2e1-11f0-a19d-00163e18188c',1,'http://flowable.org/bpmn','','leaveProcess',1,'923dbaab-b2e1-11f0-a19d-00163e18188c','D:\\work2025\\xj-service-main\\target\\classes\\processes\\leave-process.bpmn20.xml',NULL,NULL,0,0,1,'',NULL,NULL,NULL,0),('leaveProcess:2:c4ce13e5-b3a9-11f0-93ba-00163e18188c',1,'http://flowable.org/bpmn','','leaveProcess',2,'c4b8de33-b3a9-11f0-93ba-00163e18188c','D:\\work2025\\xj-service-main\\target\\classes\\processes\\leave-process.bpmn20.xml',NULL,NULL,0,0,1,'',NULL,NULL,NULL,0),('leaveProcess:3:95ac6104-b479-11f0-9f9c-00163e18188c',1,'http://flowable.org/bpmn','','leaveProcess',3,'958f8a32-b479-11f0-9f9c-00163e18188c','D:\\work2025\\xj-service-main\\target\\classes\\processes\\leave-process.bpmn20.xml',NULL,NULL,0,0,1,'',NULL,NULL,NULL,0);
/*!40000 ALTER TABLE `act_re_procdef` ENABLE KEYS */;
UNLOCK TABLES;

--
-- Table structure for table `act_ru_actinst`
--

DROP TABLE IF EXISTS `act_ru_actinst`;
/*!40101 SET @saved_cs_client     = @@character_set_client */;
/*!50503 SET character_set_client = utf8mb4 */;
CREATE TABLE `act_ru_actinst` (
  `ID_` varchar(64) COLLATE utf8mb3_bin NOT NULL,
  `REV_` int DEFAULT '1',
  `PROC_DEF_ID_` varchar(64) COLLATE utf8mb3_bin NOT NULL,
  `PROC_INST_ID_` varchar(64) COLLATE utf8mb3_bin NOT NULL,
  `EXECUTION_ID_` varchar(64) COLLATE utf8mb3_bin NOT NULL,
  `ACT_ID_` varchar(255) COLLATE utf8mb3_bin NOT NULL,
  `TASK_ID_` varchar(64) COLLATE utf8mb3_bin DEFAULT NULL,
  `CALL_PROC_INST_ID_` varchar(64) COLLATE utf8mb3_bin DEFAULT NULL,
  `ACT_NAME_` varchar(255) COLLATE utf8mb3_bin DEFAULT NULL,
  `ACT_TYPE_` varchar(255) COLLATE utf8mb3_bin NOT NULL,
  `ASSIGNEE_` varchar(255) COLLATE utf8mb3_bin DEFAULT NULL,
  `START_TIME_` datetime(3) NOT NULL,
  `END_TIME_` datetime(3) DEFAULT NULL,
  `DURATION_` bigint DEFAULT NULL,
  `TRANSACTION_ORDER_` int DEFAULT NULL,
  `DELETE_REASON_` varchar(4000) COLLATE utf8mb3_bin DEFAULT NULL,
  `TENANT_ID_` varchar(255) COLLATE utf8mb3_bin DEFAULT '',
  PRIMARY KEY (`ID_`),
  KEY `ACT_IDX_RU_ACTI_START` (`START_TIME_`),
  KEY `ACT_IDX_RU_ACTI_END` (`END_TIME_`),
  KEY `ACT_IDX_RU_ACTI_PROC` (`PROC_INST_ID_`),
  KEY `ACT_IDX_RU_ACTI_PROC_ACT` (`PROC_INST_ID_`,`ACT_ID_`),
  KEY `ACT_IDX_RU_ACTI_EXEC` (`EXECUTION_ID_`),
  KEY `ACT_IDX_RU_ACTI_EXEC_ACT` (`EXECUTION_ID_`,`ACT_ID_`),
  KEY `ACT_IDX_RU_ACTI_TASK` (`TASK_ID_`)
) ENGINE=InnoDB DEFAULT CHARSET=utf8mb3 COLLATE=utf8mb3_bin;
/*!40101 SET character_set_client = @saved_cs_client */;

--
-- Dumping data for table `act_ru_actinst`
--

LOCK TABLES `act_ru_actinst` WRITE;
/*!40000 ALTER TABLE `act_ru_actinst` DISABLE KEYS */;
INSERT INTO `act_ru_actinst` VALUES ('1349c7ac-b316-11f0-a19d-00163e18188c',1,'leaveProcess:1:925672cd-b2e1-11f0-a19d-00163e18188c','1349a098-b316-11f0-a19d-00163e18188c','1349c7ab-b316-11f0-a19d-00163e18188c','start',NULL,NULL,NULL,'startEvent',NULL,'2025-10-27 17:19:44.274','2025-10-27 17:19:44.274',0,1,NULL,''),('1349c7ad-b316-11f0-a19d-00163e18188c',1,'leaveProcess:1:925672cd-b2e1-11f0-a19d-00163e18188c','1349a098-b316-11f0-a19d-00163e18188c','1349c7ab-b316-11f0-a19d-00163e18188c','_flow_start__submit',NULL,NULL,NULL,'sequenceFlow',NULL,'2025-10-27 17:19:44.274','2025-10-27 17:19:44.274',0,2,NULL,''),('1349c7ae-b316-11f0-a19d-00163e18188c',1,'leaveProcess:1:925672cd-b2e1-11f0-a19d-00163e18188c','1349a098-b316-11f0-a19d-00163e18188c','1349c7ab-b316-11f0-a19d-00163e18188c','submit','1349c7af-b316-11f0-a19d-00163e18188c',NULL,'','userTask','currentUser','2025-10-27 17:19:44.274',NULL,NULL,3,NULL,''),('fbb823e2-b2e1-11f0-a19d-00163e18188c',1,'leaveProcess:1:925672cd-b2e1-11f0-a19d-00163e18188c','fbb7d5be-b2e1-11f0-a19d-00163e18188c','fbb823e1-b2e1-11f0-a19d-00163e18188c','start',NULL,NULL,NULL,'startEvent',NULL,'2025-10-27 11:06:50.902','2025-10-27 11:06:50.908',6,1,NULL,''),('fbb95c63-b2e1-11f0-a19d-00163e18188c',1,'leaveProcess:1:925672cd-b2e1-11f0-a19d-00163e18188c','fbb7d5be-b2e1-11f0-a19d-00163e18188c','fbb823e1-b2e1-11f0-a19d-00163e18188c','_flow_start__submit',NULL,NULL,NULL,'sequenceFlow',NULL,'2025-10-27 11:06:50.910','2025-10-27 11:06:50.910',0,2,NULL,''),('fbb95c64-b2e1-11f0-a19d-00163e18188c',1,'leaveProcess:1:925672cd-b2e1-11f0-a19d-00163e18188c','fbb7d5be-b2e1-11f0-a19d-00163e18188c','fbb823e1-b2e1-11f0-a19d-00163e18188c','submit','fbbd7b15-b2e1-11f0-a19d-00163e18188c',NULL,'','userTask','currentUser','2025-10-27 11:06:50.910',NULL,NULL,3,NULL,'');
/*!40000 ALTER TABLE `act_ru_actinst` ENABLE KEYS */;
UNLOCK TABLES;

--
-- Table structure for table `act_ru_deadletter_job`
--

DROP TABLE IF EXISTS `act_ru_deadletter_job`;
/*!40101 SET @saved_cs_client     = @@character_set_client */;
/*!50503 SET character_set_client = utf8mb4 */;
CREATE TABLE `act_ru_deadletter_job` (
  `ID_` varchar(64) COLLATE utf8mb3_bin NOT NULL,
  `REV_` int DEFAULT NULL,
  `CATEGORY_` varchar(255) COLLATE utf8mb3_bin DEFAULT NULL,
  `TYPE_` varchar(255) COLLATE utf8mb3_bin NOT NULL,
  `EXCLUSIVE_` tinyint(1) DEFAULT NULL,
  `EXECUTION_ID_` varchar(64) COLLATE utf8mb3_bin DEFAULT NULL,
  `PROCESS_INSTANCE_ID_` varchar(64) COLLATE utf8mb3_bin DEFAULT NULL,
  `PROC_DEF_ID_` varchar(64) COLLATE utf8mb3_bin DEFAULT NULL,
  `ELEMENT_ID_` varchar(255) COLLATE utf8mb3_bin DEFAULT NULL,
  `ELEMENT_NAME_` varchar(255) COLLATE utf8mb3_bin DEFAULT NULL,
  `SCOPE_ID_` varchar(255) COLLATE utf8mb3_bin DEFAULT NULL,
  `SUB_SCOPE_ID_` varchar(255) COLLATE utf8mb3_bin DEFAULT NULL,
  `SCOPE_TYPE_` varchar(255) COLLATE utf8mb3_bin DEFAULT NULL,
  `SCOPE_DEFINITION_ID_` varchar(255) COLLATE utf8mb3_bin DEFAULT NULL,
  `CORRELATION_ID_` varchar(255) COLLATE utf8mb3_bin DEFAULT NULL,
  `EXCEPTION_STACK_ID_` varchar(64) COLLATE utf8mb3_bin DEFAULT NULL,
  `EXCEPTION_MSG_` varchar(4000) COLLATE utf8mb3_bin DEFAULT NULL,
  `DUEDATE_` timestamp(3) NULL DEFAULT NULL,
  `REPEAT_` varchar(255) COLLATE utf8mb3_bin DEFAULT NULL,
  `HANDLER_TYPE_` varchar(255) COLLATE utf8mb3_bin DEFAULT NULL,
  `HANDLER_CFG_` varchar(4000) COLLATE utf8mb3_bin DEFAULT NULL,
  `CUSTOM_VALUES_ID_` varchar(64) COLLATE utf8mb3_bin DEFAULT NULL,
  `CREATE_TIME_` timestamp(3) NULL DEFAULT NULL,
  `TENANT_ID_` varchar(255) COLLATE utf8mb3_bin DEFAULT '',
  PRIMARY KEY (`ID_`),
  KEY `ACT_IDX_DEADLETTER_JOB_EXCEPTION_STACK_ID` (`EXCEPTION_STACK_ID_`),
  KEY `ACT_IDX_DEADLETTER_JOB_CUSTOM_VALUES_ID` (`CUSTOM_VALUES_ID_`),
  KEY `ACT_IDX_DEADLETTER_JOB_CORRELATION_ID` (`CORRELATION_ID_`),
  KEY `ACT_IDX_DJOB_SCOPE` (`SCOPE_ID_`,`SCOPE_TYPE_`),
  KEY `ACT_IDX_DJOB_SUB_SCOPE` (`SUB_SCOPE_ID_`,`SCOPE_TYPE_`),
  KEY `ACT_IDX_DJOB_SCOPE_DEF` (`SCOPE_DEFINITION_ID_`,`SCOPE_TYPE_`),
  KEY `ACT_FK_DEADLETTER_JOB_EXECUTION` (`EXECUTION_ID_`),
  KEY `ACT_FK_DEADLETTER_JOB_PROCESS_INSTANCE` (`PROCESS_INSTANCE_ID_`),
  KEY `ACT_FK_DEADLETTER_JOB_PROC_DEF` (`PROC_DEF_ID_`),
  CONSTRAINT `ACT_FK_DEADLETTER_JOB_CUSTOM_VALUES` FOREIGN KEY (`CUSTOM_VALUES_ID_`) REFERENCES `act_ge_bytearray` (`ID_`),
  CONSTRAINT `ACT_FK_DEADLETTER_JOB_EXCEPTION` FOREIGN KEY (`EXCEPTION_STACK_ID_`) REFERENCES `act_ge_bytearray` (`ID_`),
  CONSTRAINT `ACT_FK_DEADLETTER_JOB_EXECUTION` FOREIGN KEY (`EXECUTION_ID_`) REFERENCES `act_ru_execution` (`ID_`),
  CONSTRAINT `ACT_FK_DEADLETTER_JOB_PROC_DEF` FOREIGN KEY (`PROC_DEF_ID_`) REFERENCES `act_re_procdef` (`ID_`),
  CONSTRAINT `ACT_FK_DEADLETTER_JOB_PROCESS_INSTANCE` FOREIGN KEY (`PROCESS_INSTANCE_ID_`) REFERENCES `act_ru_execution` (`ID_`)
) ENGINE=InnoDB DEFAULT CHARSET=utf8mb3 COLLATE=utf8mb3_bin;
/*!40101 SET character_set_client = @saved_cs_client */;

--
-- Dumping data for table `act_ru_deadletter_job`
--

LOCK TABLES `act_ru_deadletter_job` WRITE;
/*!40000 ALTER TABLE `act_ru_deadletter_job` DISABLE KEYS */;
/*!40000 ALTER TABLE `act_ru_deadletter_job` ENABLE KEYS */;
UNLOCK TABLES;

--
-- Table structure for table `act_ru_entitylink`
--

DROP TABLE IF EXISTS `act_ru_entitylink`;
/*!40101 SET @saved_cs_client     = @@character_set_client */;
/*!50503 SET character_set_client = utf8mb4 */;
CREATE TABLE `act_ru_entitylink` (
  `ID_` varchar(64) COLLATE utf8mb3_bin NOT NULL,
  `REV_` int DEFAULT NULL,
  `CREATE_TIME_` datetime(3) DEFAULT NULL,
  `LINK_TYPE_` varchar(255) COLLATE utf8mb3_bin DEFAULT NULL,
  `SCOPE_ID_` varchar(255) COLLATE utf8mb3_bin DEFAULT NULL,
  `SUB_SCOPE_ID_` varchar(255) COLLATE utf8mb3_bin DEFAULT NULL,
  `SCOPE_TYPE_` varchar(255) COLLATE utf8mb3_bin DEFAULT NULL,
  `SCOPE_DEFINITION_ID_` varchar(255) COLLATE utf8mb3_bin DEFAULT NULL,
  `PARENT_ELEMENT_ID_` varchar(255) COLLATE utf8mb3_bin DEFAULT NULL,
  `REF_SCOPE_ID_` varchar(255) COLLATE utf8mb3_bin DEFAULT NULL,
  `REF_SCOPE_TYPE_` varchar(255) COLLATE utf8mb3_bin DEFAULT NULL,
  `REF_SCOPE_DEFINITION_ID_` varchar(255) COLLATE utf8mb3_bin DEFAULT NULL,
  `ROOT_SCOPE_ID_` varchar(255) COLLATE utf8mb3_bin DEFAULT NULL,
  `ROOT_SCOPE_TYPE_` varchar(255) COLLATE utf8mb3_bin DEFAULT NULL,
  `HIERARCHY_TYPE_` varchar(255) COLLATE utf8mb3_bin DEFAULT NULL,
  PRIMARY KEY (`ID_`),
  KEY `ACT_IDX_ENT_LNK_SCOPE` (`SCOPE_ID_`,`SCOPE_TYPE_`,`LINK_TYPE_`),
  KEY `ACT_IDX_ENT_LNK_REF_SCOPE` (`REF_SCOPE_ID_`,`REF_SCOPE_TYPE_`,`LINK_TYPE_`),
  KEY `ACT_IDX_ENT_LNK_ROOT_SCOPE` (`ROOT_SCOPE_ID_`,`ROOT_SCOPE_TYPE_`,`LINK_TYPE_`),
  KEY `ACT_IDX_ENT_LNK_SCOPE_DEF` (`SCOPE_DEFINITION_ID_`,`SCOPE_TYPE_`,`LINK_TYPE_`)
) ENGINE=InnoDB DEFAULT CHARSET=utf8mb3 COLLATE=utf8mb3_bin;
/*!40101 SET character_set_client = @saved_cs_client */;

--
-- Dumping data for table `act_ru_entitylink`
--

LOCK TABLES `act_ru_entitylink` WRITE;
/*!40000 ALTER TABLE `act_ru_entitylink` DISABLE KEYS */;
/*!40000 ALTER TABLE `act_ru_entitylink` ENABLE KEYS */;
UNLOCK TABLES;

--
-- Table structure for table `act_ru_event_subscr`
--

DROP TABLE IF EXISTS `act_ru_event_subscr`;
/*!40101 SET @saved_cs_client     = @@character_set_client */;
/*!50503 SET character_set_client = utf8mb4 */;
CREATE TABLE `act_ru_event_subscr` (
  `ID_` varchar(64) COLLATE utf8mb3_bin NOT NULL,
  `REV_` int DEFAULT NULL,
  `EVENT_TYPE_` varchar(255) COLLATE utf8mb3_bin NOT NULL,
  `EVENT_NAME_` varchar(255) COLLATE utf8mb3_bin DEFAULT NULL,
  `EXECUTION_ID_` varchar(64) COLLATE utf8mb3_bin DEFAULT NULL,
  `PROC_INST_ID_` varchar(64) COLLATE utf8mb3_bin DEFAULT NULL,
  `ACTIVITY_ID_` varchar(64) COLLATE utf8mb3_bin DEFAULT NULL,
  `CONFIGURATION_` varchar(255) COLLATE utf8mb3_bin DEFAULT NULL,
  `CREATED_` timestamp(3) NOT NULL DEFAULT CURRENT_TIMESTAMP(3),
  `PROC_DEF_ID_` varchar(64) COLLATE utf8mb3_bin DEFAULT NULL,
  `SUB_SCOPE_ID_` varchar(64) COLLATE utf8mb3_bin DEFAULT NULL,
  `SCOPE_ID_` varchar(64) COLLATE utf8mb3_bin DEFAULT NULL,
  `SCOPE_DEFINITION_ID_` varchar(64) COLLATE utf8mb3_bin DEFAULT NULL,
  `SCOPE_TYPE_` varchar(64) COLLATE utf8mb3_bin DEFAULT NULL,
  `LOCK_TIME_` timestamp(3) NULL DEFAULT NULL,
  `LOCK_OWNER_` varchar(255) COLLATE utf8mb3_bin DEFAULT NULL,
  `TENANT_ID_` varchar(255) COLLATE utf8mb3_bin DEFAULT '',
  PRIMARY KEY (`ID_`),
  KEY `ACT_IDX_EVENT_SUBSCR_CONFIG_` (`CONFIGURATION_`),
  KEY `ACT_IDX_EVENT_SUBSCR_SCOPEREF_` (`SCOPE_ID_`,`SCOPE_TYPE_`),
  KEY `ACT_FK_EVENT_EXEC` (`EXECUTION_ID_`),
  CONSTRAINT `ACT_FK_EVENT_EXEC` FOREIGN KEY (`EXECUTION_ID_`) REFERENCES `act_ru_execution` (`ID_`)
) ENGINE=InnoDB DEFAULT CHARSET=utf8mb3 COLLATE=utf8mb3_bin;
/*!40101 SET character_set_client = @saved_cs_client */;

--
-- Dumping data for table `act_ru_event_subscr`
--

LOCK TABLES `act_ru_event_subscr` WRITE;
/*!40000 ALTER TABLE `act_ru_event_subscr` DISABLE KEYS */;
/*!40000 ALTER TABLE `act_ru_event_subscr` ENABLE KEYS */;
UNLOCK TABLES;

--
-- Table structure for table `act_ru_execution`
--

DROP TABLE IF EXISTS `act_ru_execution`;
/*!40101 SET @saved_cs_client     = @@character_set_client */;
/*!50503 SET character_set_client = utf8mb4 */;
CREATE TABLE `act_ru_execution` (
  `ID_` varchar(64) COLLATE utf8mb3_bin NOT NULL,
  `REV_` int DEFAULT NULL,
  `PROC_INST_ID_` varchar(64) COLLATE utf8mb3_bin DEFAULT NULL,
  `BUSINESS_KEY_` varchar(255) COLLATE utf8mb3_bin DEFAULT NULL,
  `PARENT_ID_` varchar(64) COLLATE utf8mb3_bin DEFAULT NULL,
  `PROC_DEF_ID_` varchar(64) COLLATE utf8mb3_bin DEFAULT NULL,
  `SUPER_EXEC_` varchar(64) COLLATE utf8mb3_bin DEFAULT NULL,
  `ROOT_PROC_INST_ID_` varchar(64) COLLATE utf8mb3_bin DEFAULT NULL,
  `ACT_ID_` varchar(255) COLLATE utf8mb3_bin DEFAULT NULL,
  `IS_ACTIVE_` tinyint DEFAULT NULL,
  `IS_CONCURRENT_` tinyint DEFAULT NULL,
  `IS_SCOPE_` tinyint DEFAULT NULL,
  `IS_EVENT_SCOPE_` tinyint DEFAULT NULL,
  `IS_MI_ROOT_` tinyint DEFAULT NULL,
  `SUSPENSION_STATE_` int DEFAULT NULL,
  `CACHED_ENT_STATE_` int DEFAULT NULL,
  `TENANT_ID_` varchar(255) COLLATE utf8mb3_bin DEFAULT '',
  `NAME_` varchar(255) COLLATE utf8mb3_bin DEFAULT NULL,
  `START_ACT_ID_` varchar(255) COLLATE utf8mb3_bin DEFAULT NULL,
  `START_TIME_` datetime(3) DEFAULT NULL,
  `START_USER_ID_` varchar(255) COLLATE utf8mb3_bin DEFAULT NULL,
  `LOCK_TIME_` timestamp(3) NULL DEFAULT NULL,
  `LOCK_OWNER_` varchar(255) COLLATE utf8mb3_bin DEFAULT NULL,
  `IS_COUNT_ENABLED_` tinyint DEFAULT NULL,
  `EVT_SUBSCR_COUNT_` int DEFAULT NULL,
  `TASK_COUNT_` int DEFAULT NULL,
  `JOB_COUNT_` int DEFAULT NULL,
  `TIMER_JOB_COUNT_` int DEFAULT NULL,
  `SUSP_JOB_COUNT_` int DEFAULT NULL,
  `DEADLETTER_JOB_COUNT_` int DEFAULT NULL,
  `EXTERNAL_WORKER_JOB_COUNT_` int DEFAULT NULL,
  `VAR_COUNT_` int DEFAULT NULL,
  `ID_LINK_COUNT_` int DEFAULT NULL,
  `CALLBACK_ID_` varchar(255) COLLATE utf8mb3_bin DEFAULT NULL,
  `CALLBACK_TYPE_` varchar(255) COLLATE utf8mb3_bin DEFAULT NULL,
  `REFERENCE_ID_` varchar(255) COLLATE utf8mb3_bin DEFAULT NULL,
  `REFERENCE_TYPE_` varchar(255) COLLATE utf8mb3_bin DEFAULT NULL,
  `PROPAGATED_STAGE_INST_ID_` varchar(255) COLLATE utf8mb3_bin DEFAULT NULL,
  `BUSINESS_STATUS_` varchar(255) COLLATE utf8mb3_bin DEFAULT NULL,
  PRIMARY KEY (`ID_`),
  KEY `ACT_IDX_EXEC_BUSKEY` (`BUSINESS_KEY_`),
  KEY `ACT_IDC_EXEC_ROOT` (`ROOT_PROC_INST_ID_`),
  KEY `ACT_IDX_EXEC_REF_ID_` (`REFERENCE_ID_`),
  KEY `ACT_FK_EXE_PROCINST` (`PROC_INST_ID_`),
  KEY `ACT_FK_EXE_PARENT` (`PARENT_ID_`),
  KEY `ACT_FK_EXE_SUPER` (`SUPER_EXEC_`),
  KEY `ACT_FK_EXE_PROCDEF` (`PROC_DEF_ID_`),
  CONSTRAINT `ACT_FK_EXE_PARENT` FOREIGN KEY (`PARENT_ID_`) REFERENCES `act_ru_execution` (`ID_`) ON DELETE CASCADE,
  CONSTRAINT `ACT_FK_EXE_PROCDEF` FOREIGN KEY (`PROC_DEF_ID_`) REFERENCES `act_re_procdef` (`ID_`),
  CONSTRAINT `ACT_FK_EXE_PROCINST` FOREIGN KEY (`PROC_INST_ID_`) REFERENCES `act_ru_execution` (`ID_`) ON DELETE CASCADE ON UPDATE CASCADE,
  CONSTRAINT `ACT_FK_EXE_SUPER` FOREIGN KEY (`SUPER_EXEC_`) REFERENCES `act_ru_execution` (`ID_`) ON DELETE CASCADE
) ENGINE=InnoDB DEFAULT CHARSET=utf8mb3 COLLATE=utf8mb3_bin;
/*!40101 SET character_set_client = @saved_cs_client */;

--
-- Dumping data for table `act_ru_execution`
--

LOCK TABLES `act_ru_execution` WRITE;
/*!40000 ALTER TABLE `act_ru_execution` DISABLE KEYS */;
INSERT INTO `act_ru_execution` VALUES ('1349a098-b316-11f0-a19d-00163e18188c',1,'1349a098-b316-11f0-a19d-00163e18188c',NULL,NULL,'leaveProcess:1:925672cd-b2e1-11f0-a19d-00163e18188c',NULL,'1349a098-b316-11f0-a19d-00163e18188c',NULL,1,0,1,0,0,1,NULL,'',NULL,'start','2025-10-27 17:19:44.273',NULL,NULL,NULL,1,0,0,0,0,0,0,0,0,0,NULL,NULL,NULL,NULL,NULL,NULL),('1349c7ab-b316-11f0-a19d-00163e18188c',1,'1349a098-b316-11f0-a19d-00163e18188c',NULL,'1349a098-b316-11f0-a19d-00163e18188c','leaveProcess:1:925672cd-b2e1-11f0-a19d-00163e18188c',NULL,'1349a098-b316-11f0-a19d-00163e18188c','submit',1,0,0,0,0,1,NULL,'',NULL,NULL,'2025-10-27 17:19:44.274',NULL,NULL,NULL,1,0,1,0,0,0,0,0,0,0,NULL,NULL,NULL,NULL,NULL,NULL),('fbb7d5be-b2e1-11f0-a19d-00163e18188c',1,'fbb7d5be-b2e1-11f0-a19d-00163e18188c',NULL,NULL,'leaveProcess:1:925672cd-b2e1-11f0-a19d-00163e18188c',NULL,'fbb7d5be-b2e1-11f0-a19d-00163e18188c',NULL,1,0,1,0,0,1,NULL,'',NULL,'start','2025-10-27 11:06:50.900',NULL,NULL,NULL,1,0,0,0,0,0,0,0,0,0,NULL,NULL,NULL,NULL,NULL,NULL),('fbb823e1-b2e1-11f0-a19d-00163e18188c',1,'fbb7d5be-b2e1-11f0-a19d-00163e18188c',NULL,'fbb7d5be-b2e1-11f0-a19d-00163e18188c','leaveProcess:1:925672cd-b2e1-11f0-a19d-00163e18188c',NULL,'fbb7d5be-b2e1-11f0-a19d-00163e18188c','submit',1,0,0,0,0,1,NULL,'',NULL,NULL,'2025-10-27 11:06:50.902',NULL,NULL,NULL,1,0,1,0,0,0,0,0,0,0,NULL,NULL,NULL,NULL,NULL,NULL);
/*!40000 ALTER TABLE `act_ru_execution` ENABLE KEYS */;
UNLOCK TABLES;

--
-- Table structure for table `act_ru_external_job`
--

DROP TABLE IF EXISTS `act_ru_external_job`;
/*!40101 SET @saved_cs_client     = @@character_set_client */;
/*!50503 SET character_set_client = utf8mb4 */;
CREATE TABLE `act_ru_external_job` (
  `ID_` varchar(64) COLLATE utf8mb3_bin NOT NULL,
  `REV_` int DEFAULT NULL,
  `CATEGORY_` varchar(255) COLLATE utf8mb3_bin DEFAULT NULL,
  `TYPE_` varchar(255) COLLATE utf8mb3_bin NOT NULL,
  `LOCK_EXP_TIME_` timestamp(3) NULL DEFAULT NULL,
  `LOCK_OWNER_` varchar(255) COLLATE utf8mb3_bin DEFAULT NULL,
  `EXCLUSIVE_` tinyint(1) DEFAULT NULL,
  `EXECUTION_ID_` varchar(64) COLLATE utf8mb3_bin DEFAULT NULL,
  `PROCESS_INSTANCE_ID_` varchar(64) COLLATE utf8mb3_bin DEFAULT NULL,
  `PROC_DEF_ID_` varchar(64) COLLATE utf8mb3_bin DEFAULT NULL,
  `ELEMENT_ID_` varchar(255) COLLATE utf8mb3_bin DEFAULT NULL,
  `ELEMENT_NAME_` varchar(255) COLLATE utf8mb3_bin DEFAULT NULL,
  `SCOPE_ID_` varchar(255) COLLATE utf8mb3_bin DEFAULT NULL,
  `SUB_SCOPE_ID_` varchar(255) COLLATE utf8mb3_bin DEFAULT NULL,
  `SCOPE_TYPE_` varchar(255) COLLATE utf8mb3_bin DEFAULT NULL,
  `SCOPE_DEFINITION_ID_` varchar(255) COLLATE utf8mb3_bin DEFAULT NULL,
  `CORRELATION_ID_` varchar(255) COLLATE utf8mb3_bin DEFAULT NULL,
  `RETRIES_` int DEFAULT NULL,
  `EXCEPTION_STACK_ID_` varchar(64) COLLATE utf8mb3_bin DEFAULT NULL,
  `EXCEPTION_MSG_` varchar(4000) COLLATE utf8mb3_bin DEFAULT NULL,
  `DUEDATE_` timestamp(3) NULL DEFAULT NULL,
  `REPEAT_` varchar(255) COLLATE utf8mb3_bin DEFAULT NULL,
  `HANDLER_TYPE_` varchar(255) COLLATE utf8mb3_bin DEFAULT NULL,
  `HANDLER_CFG_` varchar(4000) COLLATE utf8mb3_bin DEFAULT NULL,
  `CUSTOM_VALUES_ID_` varchar(64) COLLATE utf8mb3_bin DEFAULT NULL,
  `CREATE_TIME_` timestamp(3) NULL DEFAULT NULL,
  `TENANT_ID_` varchar(255) COLLATE utf8mb3_bin DEFAULT '',
  PRIMARY KEY (`ID_`),
  KEY `ACT_IDX_EXTERNAL_JOB_EXCEPTION_STACK_ID` (`EXCEPTION_STACK_ID_`),
  KEY `ACT_IDX_EXTERNAL_JOB_CUSTOM_VALUES_ID` (`CUSTOM_VALUES_ID_`),
  KEY `ACT_IDX_EXTERNAL_JOB_CORRELATION_ID` (`CORRELATION_ID_`),
  KEY `ACT_IDX_EJOB_SCOPE` (`SCOPE_ID_`,`SCOPE_TYPE_`),
  KEY `ACT_IDX_EJOB_SUB_SCOPE` (`SUB_SCOPE_ID_`,`SCOPE_TYPE_`),
  KEY `ACT_IDX_EJOB_SCOPE_DEF` (`SCOPE_DEFINITION_ID_`,`SCOPE_TYPE_`),
  CONSTRAINT `ACT_FK_EXTERNAL_JOB_CUSTOM_VALUES` FOREIGN KEY (`CUSTOM_VALUES_ID_`) REFERENCES `act_ge_bytearray` (`ID_`),
  CONSTRAINT `ACT_FK_EXTERNAL_JOB_EXCEPTION` FOREIGN KEY (`EXCEPTION_STACK_ID_`) REFERENCES `act_ge_bytearray` (`ID_`)
) ENGINE=InnoDB DEFAULT CHARSET=utf8mb3 COLLATE=utf8mb3_bin;
/*!40101 SET character_set_client = @saved_cs_client */;

--
-- Dumping data for table `act_ru_external_job`
--

LOCK TABLES `act_ru_external_job` WRITE;
/*!40000 ALTER TABLE `act_ru_external_job` DISABLE KEYS */;
/*!40000 ALTER TABLE `act_ru_external_job` ENABLE KEYS */;
UNLOCK TABLES;

--
-- Table structure for table `act_ru_history_job`
--

DROP TABLE IF EXISTS `act_ru_history_job`;
/*!40101 SET @saved_cs_client     = @@character_set_client */;
/*!50503 SET character_set_client = utf8mb4 */;
CREATE TABLE `act_ru_history_job` (
  `ID_` varchar(64) COLLATE utf8mb3_bin NOT NULL,
  `REV_` int DEFAULT NULL,
  `LOCK_EXP_TIME_` timestamp(3) NULL DEFAULT NULL,
  `LOCK_OWNER_` varchar(255) COLLATE utf8mb3_bin DEFAULT NULL,
  `RETRIES_` int DEFAULT NULL,
  `EXCEPTION_STACK_ID_` varchar(64) COLLATE utf8mb3_bin DEFAULT NULL,
  `EXCEPTION_MSG_` varchar(4000) COLLATE utf8mb3_bin DEFAULT NULL,
  `HANDLER_TYPE_` varchar(255) COLLATE utf8mb3_bin DEFAULT NULL,
  `HANDLER_CFG_` varchar(4000) COLLATE utf8mb3_bin DEFAULT NULL,
  `CUSTOM_VALUES_ID_` varchar(64) COLLATE utf8mb3_bin DEFAULT NULL,
  `ADV_HANDLER_CFG_ID_` varchar(64) COLLATE utf8mb3_bin DEFAULT NULL,
  `CREATE_TIME_` timestamp(3) NULL DEFAULT NULL,
  `SCOPE_TYPE_` varchar(255) COLLATE utf8mb3_bin DEFAULT NULL,
  `TENANT_ID_` varchar(255) COLLATE utf8mb3_bin DEFAULT '',
  PRIMARY KEY (`ID_`)
) ENGINE=InnoDB DEFAULT CHARSET=utf8mb3 COLLATE=utf8mb3_bin;
/*!40101 SET character_set_client = @saved_cs_client */;

--
-- Dumping data for table `act_ru_history_job`
--

LOCK TABLES `act_ru_history_job` WRITE;
/*!40000 ALTER TABLE `act_ru_history_job` DISABLE KEYS */;
/*!40000 ALTER TABLE `act_ru_history_job` ENABLE KEYS */;
UNLOCK TABLES;

--
-- Table structure for table `act_ru_identitylink`
--

DROP TABLE IF EXISTS `act_ru_identitylink`;
/*!40101 SET @saved_cs_client     = @@character_set_client */;
/*!50503 SET character_set_client = utf8mb4 */;
CREATE TABLE `act_ru_identitylink` (
  `ID_` varchar(64) COLLATE utf8mb3_bin NOT NULL,
  `REV_` int DEFAULT NULL,
  `GROUP_ID_` varchar(255) COLLATE utf8mb3_bin DEFAULT NULL,
  `TYPE_` varchar(255) COLLATE utf8mb3_bin DEFAULT NULL,
  `USER_ID_` varchar(255) COLLATE utf8mb3_bin DEFAULT NULL,
  `TASK_ID_` varchar(64) COLLATE utf8mb3_bin DEFAULT NULL,
  `PROC_INST_ID_` varchar(64) COLLATE utf8mb3_bin DEFAULT NULL,
  `PROC_DEF_ID_` varchar(64) COLLATE utf8mb3_bin DEFAULT NULL,
  `SCOPE_ID_` varchar(255) COLLATE utf8mb3_bin DEFAULT NULL,
  `SUB_SCOPE_ID_` varchar(255) COLLATE utf8mb3_bin DEFAULT NULL,
  `SCOPE_TYPE_` varchar(255) COLLATE utf8mb3_bin DEFAULT NULL,
  `SCOPE_DEFINITION_ID_` varchar(255) COLLATE utf8mb3_bin DEFAULT NULL,
  PRIMARY KEY (`ID_`),
  KEY `ACT_IDX_IDENT_LNK_USER` (`USER_ID_`),
  KEY `ACT_IDX_IDENT_LNK_GROUP` (`GROUP_ID_`),
  KEY `ACT_IDX_IDENT_LNK_SCOPE` (`SCOPE_ID_`,`SCOPE_TYPE_`),
  KEY `ACT_IDX_IDENT_LNK_SUB_SCOPE` (`SUB_SCOPE_ID_`,`SCOPE_TYPE_`),
  KEY `ACT_IDX_IDENT_LNK_SCOPE_DEF` (`SCOPE_DEFINITION_ID_`,`SCOPE_TYPE_`),
  KEY `ACT_IDX_ATHRZ_PROCEDEF` (`PROC_DEF_ID_`),
  KEY `ACT_FK_TSKASS_TASK` (`TASK_ID_`),
  KEY `ACT_FK_IDL_PROCINST` (`PROC_INST_ID_`),
  CONSTRAINT `ACT_FK_ATHRZ_PROCEDEF` FOREIGN KEY (`PROC_DEF_ID_`) REFERENCES `act_re_procdef` (`ID_`),
  CONSTRAINT `ACT_FK_IDL_PROCINST` FOREIGN KEY (`PROC_INST_ID_`) REFERENCES `act_ru_execution` (`ID_`),
  CONSTRAINT `ACT_FK_TSKASS_TASK` FOREIGN KEY (`TASK_ID_`) REFERENCES `act_ru_task` (`ID_`)
) ENGINE=InnoDB DEFAULT CHARSET=utf8mb3 COLLATE=utf8mb3_bin;
/*!40101 SET character_set_client = @saved_cs_client */;

--
-- Dumping data for table `act_ru_identitylink`
--

LOCK TABLES `act_ru_identitylink` WRITE;
/*!40000 ALTER TABLE `act_ru_identitylink` DISABLE KEYS */;
INSERT INTO `act_ru_identitylink` VALUES ('1349eec1-b316-11f0-a19d-00163e18188c',1,NULL,'participant','currentUser',NULL,'1349a098-b316-11f0-a19d-00163e18188c',NULL,NULL,NULL,NULL,NULL),('fbbe1757-b2e1-11f0-a19d-00163e18188c',1,NULL,'participant','currentUser',NULL,'fbb7d5be-b2e1-11f0-a19d-00163e18188c',NULL,NULL,NULL,NULL,NULL);
/*!40000 ALTER TABLE `act_ru_identitylink` ENABLE KEYS */;
UNLOCK TABLES;

--
-- Table structure for table `act_ru_job`
--

DROP TABLE IF EXISTS `act_ru_job`;
/*!40101 SET @saved_cs_client     = @@character_set_client */;
/*!50503 SET character_set_client = utf8mb4 */;
CREATE TABLE `act_ru_job` (
  `ID_` varchar(64) COLLATE utf8mb3_bin NOT NULL,
  `REV_` int DEFAULT NULL,
  `CATEGORY_` varchar(255) COLLATE utf8mb3_bin DEFAULT NULL,
  `TYPE_` varchar(255) COLLATE utf8mb3_bin NOT NULL,
  `LOCK_EXP_TIME_` timestamp(3) NULL DEFAULT NULL,
  `LOCK_OWNER_` varchar(255) COLLATE utf8mb3_bin DEFAULT NULL,
  `EXCLUSIVE_` tinyint(1) DEFAULT NULL,
  `EXECUTION_ID_` varchar(64) COLLATE utf8mb3_bin DEFAULT NULL,
  `PROCESS_INSTANCE_ID_` varchar(64) COLLATE utf8mb3_bin DEFAULT NULL,
  `PROC_DEF_ID_` varchar(64) COLLATE utf8mb3_bin DEFAULT NULL,
  `ELEMENT_ID_` varchar(255) COLLATE utf8mb3_bin DEFAULT NULL,
  `ELEMENT_NAME_` varchar(255) COLLATE utf8mb3_bin DEFAULT NULL,
  `SCOPE_ID_` varchar(255) COLLATE utf8mb3_bin DEFAULT NULL,
  `SUB_SCOPE_ID_` varchar(255) COLLATE utf8mb3_bin DEFAULT NULL,
  `SCOPE_TYPE_` varchar(255) COLLATE utf8mb3_bin DEFAULT NULL,
  `SCOPE_DEFINITION_ID_` varchar(255) COLLATE utf8mb3_bin DEFAULT NULL,
  `CORRELATION_ID_` varchar(255) COLLATE utf8mb3_bin DEFAULT NULL,
  `RETRIES_` int DEFAULT NULL,
  `EXCEPTION_STACK_ID_` varchar(64) COLLATE utf8mb3_bin DEFAULT NULL,
  `EXCEPTION_MSG_` varchar(4000) COLLATE utf8mb3_bin DEFAULT NULL,
  `DUEDATE_` timestamp(3) NULL DEFAULT NULL,
  `REPEAT_` varchar(255) COLLATE utf8mb3_bin DEFAULT NULL,
  `HANDLER_TYPE_` varchar(255) COLLATE utf8mb3_bin DEFAULT NULL,
  `HANDLER_CFG_` varchar(4000) COLLATE utf8mb3_bin DEFAULT NULL,
  `CUSTOM_VALUES_ID_` varchar(64) COLLATE utf8mb3_bin DEFAULT NULL,
  `CREATE_TIME_` timestamp(3) NULL DEFAULT NULL,
  `TENANT_ID_` varchar(255) COLLATE utf8mb3_bin DEFAULT '',
  PRIMARY KEY (`ID_`),
  KEY `ACT_IDX_JOB_EXCEPTION_STACK_ID` (`EXCEPTION_STACK_ID_`),
  KEY `ACT_IDX_JOB_CUSTOM_VALUES_ID` (`CUSTOM_VALUES_ID_`),
  KEY `ACT_IDX_JOB_CORRELATION_ID` (`CORRELATION_ID_`),
  KEY `ACT_IDX_JOB_SCOPE` (`SCOPE_ID_`,`SCOPE_TYPE_`),
  KEY `ACT_IDX_JOB_SUB_SCOPE` (`SUB_SCOPE_ID_`,`SCOPE_TYPE_`),
  KEY `ACT_IDX_JOB_SCOPE_DEF` (`SCOPE_DEFINITION_ID_`,`SCOPE_TYPE_`),
  KEY `ACT_FK_JOB_EXECUTION` (`EXECUTION_ID_`),
  KEY `ACT_FK_JOB_PROCESS_INSTANCE` (`PROCESS_INSTANCE_ID_`),
  KEY `ACT_FK_JOB_PROC_DEF` (`PROC_DEF_ID_`),
  CONSTRAINT `ACT_FK_JOB_CUSTOM_VALUES` FOREIGN KEY (`CUSTOM_VALUES_ID_`) REFERENCES `act_ge_bytearray` (`ID_`),
  CONSTRAINT `ACT_FK_JOB_EXCEPTION` FOREIGN KEY (`EXCEPTION_STACK_ID_`) REFERENCES `act_ge_bytearray` (`ID_`),
  CONSTRAINT `ACT_FK_JOB_EXECUTION` FOREIGN KEY (`EXECUTION_ID_`) REFERENCES `act_ru_execution` (`ID_`),
  CONSTRAINT `ACT_FK_JOB_PROC_DEF` FOREIGN KEY (`PROC_DEF_ID_`) REFERENCES `act_re_procdef` (`ID_`),
  CONSTRAINT `ACT_FK_JOB_PROCESS_INSTANCE` FOREIGN KEY (`PROCESS_INSTANCE_ID_`) REFERENCES `act_ru_execution` (`ID_`)
) ENGINE=InnoDB DEFAULT CHARSET=utf8mb3 COLLATE=utf8mb3_bin;
/*!40101 SET character_set_client = @saved_cs_client */;

--
-- Dumping data for table `act_ru_job`
--

LOCK TABLES `act_ru_job` WRITE;
/*!40000 ALTER TABLE `act_ru_job` DISABLE KEYS */;
/*!40000 ALTER TABLE `act_ru_job` ENABLE KEYS */;
UNLOCK TABLES;

--
-- Table structure for table `act_ru_suspended_job`
--

DROP TABLE IF EXISTS `act_ru_suspended_job`;
/*!40101 SET @saved_cs_client     = @@character_set_client */;
/*!50503 SET character_set_client = utf8mb4 */;
CREATE TABLE `act_ru_suspended_job` (
  `ID_` varchar(64) COLLATE utf8mb3_bin NOT NULL,
  `REV_` int DEFAULT NULL,
  `CATEGORY_` varchar(255) COLLATE utf8mb3_bin DEFAULT NULL,
  `TYPE_` varchar(255) COLLATE utf8mb3_bin NOT NULL,
  `EXCLUSIVE_` tinyint(1) DEFAULT NULL,
  `EXECUTION_ID_` varchar(64) COLLATE utf8mb3_bin DEFAULT NULL,
  `PROCESS_INSTANCE_ID_` varchar(64) COLLATE utf8mb3_bin DEFAULT NULL,
  `PROC_DEF_ID_` varchar(64) COLLATE utf8mb3_bin DEFAULT NULL,
  `ELEMENT_ID_` varchar(255) COLLATE utf8mb3_bin DEFAULT NULL,
  `ELEMENT_NAME_` varchar(255) COLLATE utf8mb3_bin DEFAULT NULL,
  `SCOPE_ID_` varchar(255) COLLATE utf8mb3_bin DEFAULT NULL,
  `SUB_SCOPE_ID_` varchar(255) COLLATE utf8mb3_bin DEFAULT NULL,
  `SCOPE_TYPE_` varchar(255) COLLATE utf8mb3_bin DEFAULT NULL,
  `SCOPE_DEFINITION_ID_` varchar(255) COLLATE utf8mb3_bin DEFAULT NULL,
  `CORRELATION_ID_` varchar(255) COLLATE utf8mb3_bin DEFAULT NULL,
  `RETRIES_` int DEFAULT NULL,
  `EXCEPTION_STACK_ID_` varchar(64) COLLATE utf8mb3_bin DEFAULT NULL,
  `EXCEPTION_MSG_` varchar(4000) COLLATE utf8mb3_bin DEFAULT NULL,
  `DUEDATE_` timestamp(3) NULL DEFAULT NULL,
  `REPEAT_` varchar(255) COLLATE utf8mb3_bin DEFAULT NULL,
  `HANDLER_TYPE_` varchar(255) COLLATE utf8mb3_bin DEFAULT NULL,
  `HANDLER_CFG_` varchar(4000) COLLATE utf8mb3_bin DEFAULT NULL,
  `CUSTOM_VALUES_ID_` varchar(64) COLLATE utf8mb3_bin DEFAULT NULL,
  `CREATE_TIME_` timestamp(3) NULL DEFAULT NULL,
  `TENANT_ID_` varchar(255) COLLATE utf8mb3_bin DEFAULT '',
  PRIMARY KEY (`ID_`),
  KEY `ACT_IDX_SUSPENDED_JOB_EXCEPTION_STACK_ID` (`EXCEPTION_STACK_ID_`),
  KEY `ACT_IDX_SUSPENDED_JOB_CUSTOM_VALUES_ID` (`CUSTOM_VALUES_ID_`),
  KEY `ACT_IDX_SUSPENDED_JOB_CORRELATION_ID` (`CORRELATION_ID_`),
  KEY `ACT_IDX_SJOB_SCOPE` (`SCOPE_ID_`,`SCOPE_TYPE_`),
  KEY `ACT_IDX_SJOB_SUB_SCOPE` (`SUB_SCOPE_ID_`,`SCOPE_TYPE_`),
  KEY `ACT_IDX_SJOB_SCOPE_DEF` (`SCOPE_DEFINITION_ID_`,`SCOPE_TYPE_`),
  KEY `ACT_FK_SUSPENDED_JOB_EXECUTION` (`EXECUTION_ID_`),
  KEY `ACT_FK_SUSPENDED_JOB_PROCESS_INSTANCE` (`PROCESS_INSTANCE_ID_`),
  KEY `ACT_FK_SUSPENDED_JOB_PROC_DEF` (`PROC_DEF_ID_`),
  CONSTRAINT `ACT_FK_SUSPENDED_JOB_CUSTOM_VALUES` FOREIGN KEY (`CUSTOM_VALUES_ID_`) REFERENCES `act_ge_bytearray` (`ID_`),
  CONSTRAINT `ACT_FK_SUSPENDED_JOB_EXCEPTION` FOREIGN KEY (`EXCEPTION_STACK_ID_`) REFERENCES `act_ge_bytearray` (`ID_`),
  CONSTRAINT `ACT_FK_SUSPENDED_JOB_EXECUTION` FOREIGN KEY (`EXECUTION_ID_`) REFERENCES `act_ru_execution` (`ID_`),
  CONSTRAINT `ACT_FK_SUSPENDED_JOB_PROC_DEF` FOREIGN KEY (`PROC_DEF_ID_`) REFERENCES `act_re_procdef` (`ID_`),
  CONSTRAINT `ACT_FK_SUSPENDED_JOB_PROCESS_INSTANCE` FOREIGN KEY (`PROCESS_INSTANCE_ID_`) REFERENCES `act_ru_execution` (`ID_`)
) ENGINE=InnoDB DEFAULT CHARSET=utf8mb3 COLLATE=utf8mb3_bin;
/*!40101 SET character_set_client = @saved_cs_client */;

--
-- Dumping data for table `act_ru_suspended_job`
--

LOCK TABLES `act_ru_suspended_job` WRITE;
/*!40000 ALTER TABLE `act_ru_suspended_job` DISABLE KEYS */;
/*!40000 ALTER TABLE `act_ru_suspended_job` ENABLE KEYS */;
UNLOCK TABLES;

--
-- Table structure for table `act_ru_task`
--

DROP TABLE IF EXISTS `act_ru_task`;
/*!40101 SET @saved_cs_client     = @@character_set_client */;
/*!50503 SET character_set_client = utf8mb4 */;
CREATE TABLE `act_ru_task` (
  `ID_` varchar(64) COLLATE utf8mb3_bin NOT NULL,
  `REV_` int DEFAULT NULL,
  `EXECUTION_ID_` varchar(64) COLLATE utf8mb3_bin DEFAULT NULL,
  `PROC_INST_ID_` varchar(64) COLLATE utf8mb3_bin DEFAULT NULL,
  `PROC_DEF_ID_` varchar(64) COLLATE utf8mb3_bin DEFAULT NULL,
  `TASK_DEF_ID_` varchar(64) COLLATE utf8mb3_bin DEFAULT NULL,
  `SCOPE_ID_` varchar(255) COLLATE utf8mb3_bin DEFAULT NULL,
  `SUB_SCOPE_ID_` varchar(255) COLLATE utf8mb3_bin DEFAULT NULL,
  `SCOPE_TYPE_` varchar(255) COLLATE utf8mb3_bin DEFAULT NULL,
  `SCOPE_DEFINITION_ID_` varchar(255) COLLATE utf8mb3_bin DEFAULT NULL,
  `PROPAGATED_STAGE_INST_ID_` varchar(255) COLLATE utf8mb3_bin DEFAULT NULL,
  `NAME_` varchar(255) COLLATE utf8mb3_bin DEFAULT NULL,
  `PARENT_TASK_ID_` varchar(64) COLLATE utf8mb3_bin DEFAULT NULL,
  `DESCRIPTION_` varchar(4000) COLLATE utf8mb3_bin DEFAULT NULL,
  `TASK_DEF_KEY_` varchar(255) COLLATE utf8mb3_bin DEFAULT NULL,
  `OWNER_` varchar(255) COLLATE utf8mb3_bin DEFAULT NULL,
  `ASSIGNEE_` varchar(255) COLLATE utf8mb3_bin DEFAULT NULL,
  `DELEGATION_` varchar(64) COLLATE utf8mb3_bin DEFAULT NULL,
  `PRIORITY_` int DEFAULT NULL,
  `CREATE_TIME_` timestamp(3) NULL DEFAULT NULL,
  `DUE_DATE_` datetime(3) DEFAULT NULL,
  `CATEGORY_` varchar(255) COLLATE utf8mb3_bin DEFAULT NULL,
  `SUSPENSION_STATE_` int DEFAULT NULL,
  `TENANT_ID_` varchar(255) COLLATE utf8mb3_bin DEFAULT '',
  `FORM_KEY_` varchar(255) COLLATE utf8mb3_bin DEFAULT NULL,
  `CLAIM_TIME_` datetime(3) DEFAULT NULL,
  `IS_COUNT_ENABLED_` tinyint DEFAULT NULL,
  `VAR_COUNT_` int DEFAULT NULL,
  `ID_LINK_COUNT_` int DEFAULT NULL,
  `SUB_TASK_COUNT_` int DEFAULT NULL,
  PRIMARY KEY (`ID_`),
  KEY `ACT_IDX_TASK_CREATE` (`CREATE_TIME_`),
  KEY `ACT_IDX_TASK_SCOPE` (`SCOPE_ID_`,`SCOPE_TYPE_`),
  KEY `ACT_IDX_TASK_SUB_SCOPE` (`SUB_SCOPE_ID_`,`SCOPE_TYPE_`),
  KEY `ACT_IDX_TASK_SCOPE_DEF` (`SCOPE_DEFINITION_ID_`,`SCOPE_TYPE_`),
  KEY `ACT_FK_TASK_EXE` (`EXECUTION_ID_`),
  KEY `ACT_FK_TASK_PROCINST` (`PROC_INST_ID_`),
  KEY `ACT_FK_TASK_PROCDEF` (`PROC_DEF_ID_`),
  CONSTRAINT `ACT_FK_TASK_EXE` FOREIGN KEY (`EXECUTION_ID_`) REFERENCES `act_ru_execution` (`ID_`),
  CONSTRAINT `ACT_FK_TASK_PROCDEF` FOREIGN KEY (`PROC_DEF_ID_`) REFERENCES `act_re_procdef` (`ID_`),
  CONSTRAINT `ACT_FK_TASK_PROCINST` FOREIGN KEY (`PROC_INST_ID_`) REFERENCES `act_ru_execution` (`ID_`)
) ENGINE=InnoDB DEFAULT CHARSET=utf8mb3 COLLATE=utf8mb3_bin;
/*!40101 SET character_set_client = @saved_cs_client */;

--
-- Dumping data for table `act_ru_task`
--

LOCK TABLES `act_ru_task` WRITE;
/*!40000 ALTER TABLE `act_ru_task` DISABLE KEYS */;
INSERT INTO `act_ru_task` VALUES ('1349c7af-b316-11f0-a19d-00163e18188c',1,'1349c7ab-b316-11f0-a19d-00163e18188c','1349a098-b316-11f0-a19d-00163e18188c','leaveProcess:1:925672cd-b2e1-11f0-a19d-00163e18188c',NULL,NULL,NULL,NULL,NULL,NULL,'',NULL,NULL,'submit',NULL,'currentUser',NULL,50,'2025-10-27 09:19:44.274',NULL,NULL,1,'',NULL,NULL,1,0,0,0),('fbbd7b15-b2e1-11f0-a19d-00163e18188c',1,'fbb823e1-b2e1-11f0-a19d-00163e18188c','fbb7d5be-b2e1-11f0-a19d-00163e18188c','leaveProcess:1:925672cd-b2e1-11f0-a19d-00163e18188c',NULL,NULL,NULL,NULL,NULL,NULL,'',NULL,NULL,'submit',NULL,'currentUser',NULL,50,'2025-10-27 03:06:50.911',NULL,NULL,1,'',NULL,NULL,1,0,0,0);
/*!40000 ALTER TABLE `act_ru_task` ENABLE KEYS */;
UNLOCK TABLES;

--
-- Table structure for table `act_ru_timer_job`
--

DROP TABLE IF EXISTS `act_ru_timer_job`;
/*!40101 SET @saved_cs_client     = @@character_set_client */;
/*!50503 SET character_set_client = utf8mb4 */;
CREATE TABLE `act_ru_timer_job` (
  `ID_` varchar(64) COLLATE utf8mb3_bin NOT NULL,
  `REV_` int DEFAULT NULL,
  `CATEGORY_` varchar(255) COLLATE utf8mb3_bin DEFAULT NULL,
  `TYPE_` varchar(255) COLLATE utf8mb3_bin NOT NULL,
  `LOCK_EXP_TIME_` timestamp(3) NULL DEFAULT NULL,
  `LOCK_OWNER_` varchar(255) COLLATE utf8mb3_bin DEFAULT NULL,
  `EXCLUSIVE_` tinyint(1) DEFAULT NULL,
  `EXECUTION_ID_` varchar(64) COLLATE utf8mb3_bin DEFAULT NULL,
  `PROCESS_INSTANCE_ID_` varchar(64) COLLATE utf8mb3_bin DEFAULT NULL,
  `PROC_DEF_ID_` varchar(64) COLLATE utf8mb3_bin DEFAULT NULL,
  `ELEMENT_ID_` varchar(255) COLLATE utf8mb3_bin DEFAULT NULL,
  `ELEMENT_NAME_` varchar(255) COLLATE utf8mb3_bin DEFAULT NULL,
  `SCOPE_ID_` varchar(255) COLLATE utf8mb3_bin DEFAULT NULL,
  `SUB_SCOPE_ID_` varchar(255) COLLATE utf8mb3_bin DEFAULT NULL,
  `SCOPE_TYPE_` varchar(255) COLLATE utf8mb3_bin DEFAULT NULL,
  `SCOPE_DEFINITION_ID_` varchar(255) COLLATE utf8mb3_bin DEFAULT NULL,
  `CORRELATION_ID_` varchar(255) COLLATE utf8mb3_bin DEFAULT NULL,
  `RETRIES_` int DEFAULT NULL,
  `EXCEPTION_STACK_ID_` varchar(64) COLLATE utf8mb3_bin DEFAULT NULL,
  `EXCEPTION_MSG_` varchar(4000) COLLATE utf8mb3_bin DEFAULT NULL,
  `DUEDATE_` timestamp(3) NULL DEFAULT NULL,
  `REPEAT_` varchar(255) COLLATE utf8mb3_bin DEFAULT NULL,
  `HANDLER_TYPE_` varchar(255) COLLATE utf8mb3_bin DEFAULT NULL,
  `HANDLER_CFG_` varchar(4000) COLLATE utf8mb3_bin DEFAULT NULL,
  `CUSTOM_VALUES_ID_` varchar(64) COLLATE utf8mb3_bin DEFAULT NULL,
  `CREATE_TIME_` timestamp(3) NULL DEFAULT NULL,
  `TENANT_ID_` varchar(255) COLLATE utf8mb3_bin DEFAULT '',
  PRIMARY KEY (`ID_`),
  KEY `ACT_IDX_TIMER_JOB_EXCEPTION_STACK_ID` (`EXCEPTION_STACK_ID_`),
  KEY `ACT_IDX_TIMER_JOB_CUSTOM_VALUES_ID` (`CUSTOM_VALUES_ID_`),
  KEY `ACT_IDX_TIMER_JOB_CORRELATION_ID` (`CORRELATION_ID_`),
  KEY `ACT_IDX_TIMER_JOB_DUEDATE` (`DUEDATE_`),
  KEY `ACT_IDX_TJOB_SCOPE` (`SCOPE_ID_`,`SCOPE_TYPE_`),
  KEY `ACT_IDX_TJOB_SUB_SCOPE` (`SUB_SCOPE_ID_`,`SCOPE_TYPE_`),
  KEY `ACT_IDX_TJOB_SCOPE_DEF` (`SCOPE_DEFINITION_ID_`,`SCOPE_TYPE_`),
  KEY `ACT_FK_TIMER_JOB_EXECUTION` (`EXECUTION_ID_`),
  KEY `ACT_FK_TIMER_JOB_PROCESS_INSTANCE` (`PROCESS_INSTANCE_ID_`),
  KEY `ACT_FK_TIMER_JOB_PROC_DEF` (`PROC_DEF_ID_`),
  CONSTRAINT `ACT_FK_TIMER_JOB_CUSTOM_VALUES` FOREIGN KEY (`CUSTOM_VALUES_ID_`) REFERENCES `act_ge_bytearray` (`ID_`),
  CONSTRAINT `ACT_FK_TIMER_JOB_EXCEPTION` FOREIGN KEY (`EXCEPTION_STACK_ID_`) REFERENCES `act_ge_bytearray` (`ID_`),
  CONSTRAINT `ACT_FK_TIMER_JOB_EXECUTION` FOREIGN KEY (`EXECUTION_ID_`) REFERENCES `act_ru_execution` (`ID_`),
  CONSTRAINT `ACT_FK_TIMER_JOB_PROC_DEF` FOREIGN KEY (`PROC_DEF_ID_`) REFERENCES `act_re_procdef` (`ID_`),
  CONSTRAINT `ACT_FK_TIMER_JOB_PROCESS_INSTANCE` FOREIGN KEY (`PROCESS_INSTANCE_ID_`) REFERENCES `act_ru_execution` (`ID_`)
) ENGINE=InnoDB DEFAULT CHARSET=utf8mb3 COLLATE=utf8mb3_bin;
/*!40101 SET character_set_client = @saved_cs_client */;

--
-- Dumping data for table `act_ru_timer_job`
--

LOCK TABLES `act_ru_timer_job` WRITE;
/*!40000 ALTER TABLE `act_ru_timer_job` DISABLE KEYS */;
/*!40000 ALTER TABLE `act_ru_timer_job` ENABLE KEYS */;
UNLOCK TABLES;

--
-- Table structure for table `act_ru_variable`
--

DROP TABLE IF EXISTS `act_ru_variable`;
/*!40101 SET @saved_cs_client     = @@character_set_client */;
/*!50503 SET character_set_client = utf8mb4 */;
CREATE TABLE `act_ru_variable` (
  `ID_` varchar(64) COLLATE utf8mb3_bin NOT NULL,
  `REV_` int DEFAULT NULL,
  `TYPE_` varchar(255) COLLATE utf8mb3_bin NOT NULL,
  `NAME_` varchar(255) COLLATE utf8mb3_bin NOT NULL,
  `EXECUTION_ID_` varchar(64) COLLATE utf8mb3_bin DEFAULT NULL,
  `PROC_INST_ID_` varchar(64) COLLATE utf8mb3_bin DEFAULT NULL,
  `TASK_ID_` varchar(64) COLLATE utf8mb3_bin DEFAULT NULL,
  `SCOPE_ID_` varchar(255) COLLATE utf8mb3_bin DEFAULT NULL,
  `SUB_SCOPE_ID_` varchar(255) COLLATE utf8mb3_bin DEFAULT NULL,
  `SCOPE_TYPE_` varchar(255) COLLATE utf8mb3_bin DEFAULT NULL,
  `BYTEARRAY_ID_` varchar(64) COLLATE utf8mb3_bin DEFAULT NULL,
  `DOUBLE_` double DEFAULT NULL,
  `LONG_` bigint DEFAULT NULL,
  `TEXT_` varchar(4000) COLLATE utf8mb3_bin DEFAULT NULL,
  `TEXT2_` varchar(4000) COLLATE utf8mb3_bin DEFAULT NULL,
  PRIMARY KEY (`ID_`),
  KEY `ACT_IDX_RU_VAR_SCOPE_ID_TYPE` (`SCOPE_ID_`,`SCOPE_TYPE_`),
  KEY `ACT_IDX_RU_VAR_SUB_ID_TYPE` (`SUB_SCOPE_ID_`,`SCOPE_TYPE_`),
  KEY `ACT_FK_VAR_BYTEARRAY` (`BYTEARRAY_ID_`),
  KEY `ACT_IDX_VARIABLE_TASK_ID` (`TASK_ID_`),
  KEY `ACT_FK_VAR_EXE` (`EXECUTION_ID_`),
  KEY `ACT_FK_VAR_PROCINST` (`PROC_INST_ID_`),
  CONSTRAINT `ACT_FK_VAR_BYTEARRAY` FOREIGN KEY (`BYTEARRAY_ID_`) REFERENCES `act_ge_bytearray` (`ID_`),
  CONSTRAINT `ACT_FK_VAR_EXE` FOREIGN KEY (`EXECUTION_ID_`) REFERENCES `act_ru_execution` (`ID_`),
  CONSTRAINT `ACT_FK_VAR_PROCINST` FOREIGN KEY (`PROC_INST_ID_`) REFERENCES `act_ru_execution` (`ID_`)
) ENGINE=InnoDB DEFAULT CHARSET=utf8mb3 COLLATE=utf8mb3_bin;
/*!40101 SET character_set_client = @saved_cs_client */;

--
-- Dumping data for table `act_ru_variable`
--

LOCK TABLES `act_ru_variable` WRITE;
/*!40000 ALTER TABLE `act_ru_variable` DISABLE KEYS */;
INSERT INTO `act_ru_variable` VALUES ('1349a099-b316-11f0-a19d-00163e18188c',1,'string','starter','1349a098-b316-11f0-a19d-00163e18188c','1349a098-b316-11f0-a19d-00163e18188c',NULL,NULL,NULL,NULL,NULL,NULL,NULL,'currentUser',NULL),('1349a09a-b316-11f0-a19d-00163e18188c',1,'long','leaveId','1349a098-b316-11f0-a19d-00163e18188c','1349a098-b316-11f0-a19d-00163e18188c',NULL,NULL,NULL,NULL,NULL,NULL,1982738976936640514,'1982738976936640514',NULL),('fbb7d5bf-b2e1-11f0-a19d-00163e18188c',1,'string','starter','fbb7d5be-b2e1-11f0-a19d-00163e18188c','fbb7d5be-b2e1-11f0-a19d-00163e18188c',NULL,NULL,NULL,NULL,NULL,NULL,NULL,'currentUser',NULL),('fbb823e0-b2e1-11f0-a19d-00163e18188c',1,'long','leaveId','fbb7d5be-b2e1-11f0-a19d-00163e18188c','fbb7d5be-b2e1-11f0-a19d-00163e18188c',NULL,NULL,NULL,NULL,NULL,NULL,1982645136171024386,'1982645136171024386',NULL);
/*!40000 ALTER TABLE `act_ru_variable` ENABLE KEYS */;
UNLOCK TABLES;

--
-- Table structure for table `flw_channel_definition`
--

DROP TABLE IF EXISTS `flw_channel_definition`;
/*!40101 SET @saved_cs_client     = @@character_set_client */;
/*!50503 SET character_set_client = utf8mb4 */;
CREATE TABLE `flw_channel_definition` (
  `ID_` varchar(255) COLLATE utf8mb4_unicode_ci NOT NULL,
  `NAME_` varchar(255) COLLATE utf8mb4_unicode_ci DEFAULT NULL,
  `VERSION_` int DEFAULT NULL,
  `KEY_` varchar(255) COLLATE utf8mb4_unicode_ci DEFAULT NULL,
  `CATEGORY_` varchar(255) COLLATE utf8mb4_unicode_ci DEFAULT NULL,
  `DEPLOYMENT_ID_` varchar(255) COLLATE utf8mb4_unicode_ci DEFAULT NULL,
  `CREATE_TIME_` datetime(3) DEFAULT NULL,
  `TENANT_ID_` varchar(255) COLLATE utf8mb4_unicode_ci DEFAULT NULL,
  `RESOURCE_NAME_` varchar(255) COLLATE utf8mb4_unicode_ci DEFAULT NULL,
  `DESCRIPTION_` varchar(255) COLLATE utf8mb4_unicode_ci DEFAULT NULL,
  `TYPE_` varchar(255) COLLATE utf8mb4_unicode_ci DEFAULT NULL,
  `IMPLEMENTATION_` varchar(255) COLLATE utf8mb4_unicode_ci DEFAULT NULL,
  PRIMARY KEY (`ID_`),
  UNIQUE KEY `ACT_IDX_CHANNEL_DEF_UNIQ` (`KEY_`,`VERSION_`,`TENANT_ID_`)
) ENGINE=InnoDB DEFAULT CHARSET=utf8mb4 COLLATE=utf8mb4_unicode_ci;
/*!40101 SET character_set_client = @saved_cs_client */;

--
-- Dumping data for table `flw_channel_definition`
--

LOCK TABLES `flw_channel_definition` WRITE;
/*!40000 ALTER TABLE `flw_channel_definition` DISABLE KEYS */;
/*!40000 ALTER TABLE `flw_channel_definition` ENABLE KEYS */;
UNLOCK TABLES;

--
-- Table structure for table `flw_ev_databasechangelog`
--

DROP TABLE IF EXISTS `flw_ev_databasechangelog`;
/*!40101 SET @saved_cs_client     = @@character_set_client */;
/*!50503 SET character_set_client = utf8mb4 */;
CREATE TABLE `flw_ev_databasechangelog` (
  `ID` varchar(255) COLLATE utf8mb4_unicode_ci NOT NULL,
  `AUTHOR` varchar(255) COLLATE utf8mb4_unicode_ci NOT NULL,
  `FILENAME` varchar(255) COLLATE utf8mb4_unicode_ci NOT NULL,
  `DATEEXECUTED` datetime NOT NULL,
  `ORDEREXECUTED` int NOT NULL,
  `EXECTYPE` varchar(10) COLLATE utf8mb4_unicode_ci NOT NULL,
  `MD5SUM` varchar(35) COLLATE utf8mb4_unicode_ci DEFAULT NULL,
  `DESCRIPTION` varchar(255) COLLATE utf8mb4_unicode_ci DEFAULT NULL,
  `COMMENTS` varchar(255) COLLATE utf8mb4_unicode_ci DEFAULT NULL,
  `TAG` varchar(255) COLLATE utf8mb4_unicode_ci DEFAULT NULL,
  `LIQUIBASE` varchar(20) COLLATE utf8mb4_unicode_ci DEFAULT NULL,
  `CONTEXTS` varchar(255) COLLATE utf8mb4_unicode_ci DEFAULT NULL,
  `LABELS` varchar(255) COLLATE utf8mb4_unicode_ci DEFAULT NULL,
  `DEPLOYMENT_ID` varchar(10) COLLATE utf8mb4_unicode_ci DEFAULT NULL
) ENGINE=InnoDB DEFAULT CHARSET=utf8mb4 COLLATE=utf8mb4_unicode_ci;
/*!40101 SET character_set_client = @saved_cs_client */;

--
-- Dumping data for table `flw_ev_databasechangelog`
--

LOCK TABLES `flw_ev_databasechangelog` WRITE;
/*!40000 ALTER TABLE `flw_ev_databasechangelog` DISABLE KEYS */;
INSERT INTO `flw_ev_databasechangelog` VALUES ('1','flowable','org/flowable/eventregistry/db/liquibase/flowable-eventregistry-db-changelog.xml','2025-10-27 11:03:41',1,'EXECUTED','8:1b0c48c9cf7945be799d868a2626d687','createTable tableName=FLW_EVENT_DEPLOYMENT; createTable tableName=FLW_EVENT_RESOURCE; createTable tableName=FLW_EVENT_DEFINITION; createIndex indexName=ACT_IDX_EVENT_DEF_UNIQ, tableName=FLW_EVENT_DEFINITION; createTable tableName=FLW_CHANNEL_DEFIN...','',NULL,'4.5.0',NULL,NULL,'1534221794'),('2','flowable','org/flowable/eventregistry/db/liquibase/flowable-eventregistry-db-changelog.xml','2025-10-27 11:03:42',2,'EXECUTED','8:0ea825feb8e470558f0b5754352b9cda','addColumn tableName=FLW_CHANNEL_DEFINITION; addColumn tableName=FLW_CHANNEL_DEFINITION','',NULL,'4.5.0',NULL,NULL,'1534221794'),('3','flowable','org/flowable/eventregistry/db/liquibase/flowable-eventregistry-db-changelog.xml','2025-10-27 11:03:42',3,'EXECUTED','8:3c2bb293350b5cbe6504331980c9dcee','customChange','',NULL,'4.5.0',NULL,NULL,'1534221794');
/*!40000 ALTER TABLE `flw_ev_databasechangelog` ENABLE KEYS */;
UNLOCK TABLES;

--
-- Table structure for table `flw_ev_databasechangeloglock`
--

DROP TABLE IF EXISTS `flw_ev_databasechangeloglock`;
/*!40101 SET @saved_cs_client     = @@character_set_client */;
/*!50503 SET character_set_client = utf8mb4 */;
CREATE TABLE `flw_ev_databasechangeloglock` (
  `ID` int NOT NULL,
  `LOCKED` bit(1) NOT NULL,
  `LOCKGRANTED` datetime DEFAULT NULL,
  `LOCKEDBY` varchar(255) COLLATE utf8mb4_unicode_ci DEFAULT NULL,
  PRIMARY KEY (`ID`)
) ENGINE=InnoDB DEFAULT CHARSET=utf8mb4 COLLATE=utf8mb4_unicode_ci;
/*!40101 SET character_set_client = @saved_cs_client */;

--
-- Dumping data for table `flw_ev_databasechangeloglock`
--

LOCK TABLES `flw_ev_databasechangeloglock` WRITE;
/*!40000 ALTER TABLE `flw_ev_databasechangeloglock` DISABLE KEYS */;
INSERT INTO `flw_ev_databasechangeloglock` VALUES (1,_binary '\0',NULL,NULL);
/*!40000 ALTER TABLE `flw_ev_databasechangeloglock` ENABLE KEYS */;
UNLOCK TABLES;

--
-- Table structure for table `flw_event_definition`
--

DROP TABLE IF EXISTS `flw_event_definition`;
/*!40101 SET @saved_cs_client     = @@character_set_client */;
/*!50503 SET character_set_client = utf8mb4 */;
CREATE TABLE `flw_event_definition` (
  `ID_` varchar(255) COLLATE utf8mb4_unicode_ci NOT NULL,
  `NAME_` varchar(255) COLLATE utf8mb4_unicode_ci DEFAULT NULL,
  `VERSION_` int DEFAULT NULL,
  `KEY_` varchar(255) COLLATE utf8mb4_unicode_ci DEFAULT NULL,
  `CATEGORY_` varchar(255) COLLATE utf8mb4_unicode_ci DEFAULT NULL,
  `DEPLOYMENT_ID_` varchar(255) COLLATE utf8mb4_unicode_ci DEFAULT NULL,
  `TENANT_ID_` varchar(255) COLLATE utf8mb4_unicode_ci DEFAULT NULL,
  `RESOURCE_NAME_` varchar(255) COLLATE utf8mb4_unicode_ci DEFAULT NULL,
  `DESCRIPTION_` varchar(255) COLLATE utf8mb4_unicode_ci DEFAULT NULL,
  PRIMARY KEY (`ID_`),
  UNIQUE KEY `ACT_IDX_EVENT_DEF_UNIQ` (`KEY_`,`VERSION_`,`TENANT_ID_`)
) ENGINE=InnoDB DEFAULT CHARSET=utf8mb4 COLLATE=utf8mb4_unicode_ci;
/*!40101 SET character_set_client = @saved_cs_client */;

--
-- Dumping data for table `flw_event_definition`
--

LOCK TABLES `flw_event_definition` WRITE;
/*!40000 ALTER TABLE `flw_event_definition` DISABLE KEYS */;
/*!40000 ALTER TABLE `flw_event_definition` ENABLE KEYS */;
UNLOCK TABLES;

--
-- Table structure for table `flw_event_deployment`
--

DROP TABLE IF EXISTS `flw_event_deployment`;
/*!40101 SET @saved_cs_client     = @@character_set_client */;
/*!50503 SET character_set_client = utf8mb4 */;
CREATE TABLE `flw_event_deployment` (
  `ID_` varchar(255) COLLATE utf8mb4_unicode_ci NOT NULL,
  `NAME_` varchar(255) COLLATE utf8mb4_unicode_ci DEFAULT NULL,
  `CATEGORY_` varchar(255) COLLATE utf8mb4_unicode_ci DEFAULT NULL,
  `DEPLOY_TIME_` datetime(3) DEFAULT NULL,
  `TENANT_ID_` varchar(255) COLLATE utf8mb4_unicode_ci DEFAULT NULL,
  `PARENT_DEPLOYMENT_ID_` varchar(255) COLLATE utf8mb4_unicode_ci DEFAULT NULL,
  PRIMARY KEY (`ID_`)
) ENGINE=InnoDB DEFAULT CHARSET=utf8mb4 COLLATE=utf8mb4_unicode_ci;
/*!40101 SET character_set_client = @saved_cs_client */;

--
-- Dumping data for table `flw_event_deployment`
--

LOCK TABLES `flw_event_deployment` WRITE;
/*!40000 ALTER TABLE `flw_event_deployment` DISABLE KEYS */;
/*!40000 ALTER TABLE `flw_event_deployment` ENABLE KEYS */;
UNLOCK TABLES;

--
-- Table structure for table `flw_event_resource`
--

DROP TABLE IF EXISTS `flw_event_resource`;
/*!40101 SET @saved_cs_client     = @@character_set_client */;
/*!50503 SET character_set_client = utf8mb4 */;
CREATE TABLE `flw_event_resource` (
  `ID_` varchar(255) COLLATE utf8mb4_unicode_ci NOT NULL,
  `NAME_` varchar(255) COLLATE utf8mb4_unicode_ci DEFAULT NULL,
  `DEPLOYMENT_ID_` varchar(255) COLLATE utf8mb4_unicode_ci DEFAULT NULL,
  `RESOURCE_BYTES_` longblob,
  PRIMARY KEY (`ID_`)
) ENGINE=InnoDB DEFAULT CHARSET=utf8mb4 COLLATE=utf8mb4_unicode_ci;
/*!40101 SET character_set_client = @saved_cs_client */;

--
-- Dumping data for table `flw_event_resource`
--

LOCK TABLES `flw_event_resource` WRITE;
/*!40000 ALTER TABLE `flw_event_resource` DISABLE KEYS */;
/*!40000 ALTER TABLE `flw_event_resource` ENABLE KEYS */;
UNLOCK TABLES;

--
-- Table structure for table `flw_ru_batch`
--

DROP TABLE IF EXISTS `flw_ru_batch`;
/*!40101 SET @saved_cs_client     = @@character_set_client */;
/*!50503 SET character_set_client = utf8mb4 */;
CREATE TABLE `flw_ru_batch` (
  `ID_` varchar(64) COLLATE utf8mb3_bin NOT NULL,
  `REV_` int DEFAULT NULL,
  `TYPE_` varchar(64) COLLATE utf8mb3_bin NOT NULL,
  `SEARCH_KEY_` varchar(255) COLLATE utf8mb3_bin DEFAULT NULL,
  `SEARCH_KEY2_` varchar(255) COLLATE utf8mb3_bin DEFAULT NULL,
  `CREATE_TIME_` datetime(3) NOT NULL,
  `COMPLETE_TIME_` datetime(3) DEFAULT NULL,
  `STATUS_` varchar(255) COLLATE utf8mb3_bin DEFAULT NULL,
  `BATCH_DOC_ID_` varchar(64) COLLATE utf8mb3_bin DEFAULT NULL,
  `TENANT_ID_` varchar(255) COLLATE utf8mb3_bin DEFAULT '',
  PRIMARY KEY (`ID_`)
) ENGINE=InnoDB DEFAULT CHARSET=utf8mb3 COLLATE=utf8mb3_bin;
/*!40101 SET character_set_client = @saved_cs_client */;

--
-- Dumping data for table `flw_ru_batch`
--

LOCK TABLES `flw_ru_batch` WRITE;
/*!40000 ALTER TABLE `flw_ru_batch` DISABLE KEYS */;
/*!40000 ALTER TABLE `flw_ru_batch` ENABLE KEYS */;
UNLOCK TABLES;

--
-- Table structure for table `flw_ru_batch_part`
--

DROP TABLE IF EXISTS `flw_ru_batch_part`;
/*!40101 SET @saved_cs_client     = @@character_set_client */;
/*!50503 SET character_set_client = utf8mb4 */;
CREATE TABLE `flw_ru_batch_part` (
  `ID_` varchar(64) COLLATE utf8mb3_bin NOT NULL,
  `REV_` int DEFAULT NULL,
  `BATCH_ID_` varchar(64) COLLATE utf8mb3_bin DEFAULT NULL,
  `TYPE_` varchar(64) COLLATE utf8mb3_bin NOT NULL,
  `SCOPE_ID_` varchar(64) COLLATE utf8mb3_bin DEFAULT NULL,
  `SUB_SCOPE_ID_` varchar(64) COLLATE utf8mb3_bin DEFAULT NULL,
  `SCOPE_TYPE_` varchar(64) COLLATE utf8mb3_bin DEFAULT NULL,
  `SEARCH_KEY_` varchar(255) COLLATE utf8mb3_bin DEFAULT NULL,
  `SEARCH_KEY2_` varchar(255) COLLATE utf8mb3_bin DEFAULT NULL,
  `CREATE_TIME_` datetime(3) NOT NULL,
  `COMPLETE_TIME_` datetime(3) DEFAULT NULL,
  `STATUS_` varchar(255) COLLATE utf8mb3_bin DEFAULT NULL,
  `RESULT_DOC_ID_` varchar(64) COLLATE utf8mb3_bin DEFAULT NULL,
  `TENANT_ID_` varchar(255) COLLATE utf8mb3_bin DEFAULT '',
  PRIMARY KEY (`ID_`),
  KEY `FLW_IDX_BATCH_PART` (`BATCH_ID_`),
  CONSTRAINT `FLW_FK_BATCH_PART_PARENT` FOREIGN KEY (`BATCH_ID_`) REFERENCES `flw_ru_batch` (`ID_`)
) ENGINE=InnoDB DEFAULT CHARSET=utf8mb3 COLLATE=utf8mb3_bin;
/*!40101 SET character_set_client = @saved_cs_client */;

--
-- Dumping data for table `flw_ru_batch_part`
--

LOCK TABLES `flw_ru_batch_part` WRITE;
/*!40000 ALTER TABLE `flw_ru_batch_part` DISABLE KEYS */;
/*!40000 ALTER TABLE `flw_ru_batch_part` ENABLE KEYS */;
UNLOCK TABLES;

--
-- Table structure for table `oa_administrative_notice`
--

DROP TABLE IF EXISTS `oa_administrative_notice`;
/*!40101 SET @saved_cs_client     = @@character_set_client */;
/*!50503 SET character_set_client = utf8mb4 */;
CREATE TABLE `oa_administrative_notice` (
  `id` int NOT NULL AUTO_INCREMENT COMMENT 'ID',
  `title` varchar(255) COLLATE utf8mb4_unicode_ci DEFAULT NULL COMMENT '',
  `content` text COLLATE utf8mb4_unicode_ci COMMENT '',
  `issue_date` date DEFAULT NULL COMMENT '',
  `effective_date` date DEFAULT NULL COMMENT '',
  `expire_date` date DEFAULT NULL COMMENT '',
  `department` varchar(100) COLLATE utf8mb4_unicode_ci DEFAULT NULL COMMENT '',
  `status` varchar(50) COLLATE utf8mb4_unicode_ci DEFAULT NULL COMMENT '',
  `created_at` datetime DEFAULT CURRENT_TIMESTAMP COMMENT '',
  PRIMARY KEY (`id`)
) ENGINE=InnoDB DEFAULT CHARSET=utf8mb4 COLLATE=utf8mb4_unicode_ci COMMENT='';
/*!40101 SET character_set_client = @saved_cs_client */;

--
-- Dumping data for table `oa_administrative_notice`
--

LOCK TABLES `oa_administrative_notice` WRITE;
/*!40000 ALTER TABLE `oa_administrative_notice` DISABLE KEYS */;
/*!40000 ALTER TABLE `oa_administrative_notice` ENABLE KEYS */;
UNLOCK TABLES;

--
-- Table structure for table `oa_approval_comment`
--

DROP TABLE IF EXISTS `oa_approval_comment`;
/*!40101 SET @saved_cs_client     = @@character_set_client */;
/*!50503 SET character_set_client = utf8mb4 */;
CREATE TABLE `oa_approval_comment` (
  `id` bigint NOT NULL AUTO_INCREMENT COMMENT 'ID',
  `process_instance_id` varchar(64) NOT NULL COMMENT 'ID',
  `business_id` int NOT NULL COMMENT 'IDIDID',
  `business_type` varchar(32) NOT NULL COMMENT 'leave/contract',
  `approver_id` int NOT NULL COMMENT 'ID',
  `approver_name` varchar(64) NOT NULL COMMENT '',
  `approval_node` varchar(32) NOT NULL COMMENT '""""',
  `comment` text COMMENT '',
  `approval_result` varchar(16) NOT NULL COMMENT 'APPROVED/REJECTED',
  `approved_time` datetime NOT NULL COMMENT '',
  `created_at` datetime DEFAULT CURRENT_TIMESTAMP COMMENT '',
  PRIMARY KEY (`id`),
  KEY `idx_business` (`business_id`,`business_type`),
  KEY `idx_process` (`process_instance_id`)
) ENGINE=InnoDB DEFAULT CHARSET=utf8mb4 COLLATE=utf8mb4_0900_ai_ci COMMENT='';
/*!40101 SET character_set_client = @saved_cs_client */;

--
-- Dumping data for table `oa_approval_comment`
--

LOCK TABLES `oa_approval_comment` WRITE;
/*!40000 ALTER TABLE `oa_approval_comment` DISABLE KEYS */;
/*!40000 ALTER TABLE `oa_approval_comment` ENABLE KEYS */;
UNLOCK TABLES;

--
-- Table structure for table `oa_consumable_goods`
--

DROP TABLE IF EXISTS `oa_consumable_goods`;
/*!40101 SET @saved_cs_client     = @@character_set_client */;
/*!50503 SET character_set_client = utf8mb4 */;
CREATE TABLE `oa_consumable_goods` (
  `id` int NOT NULL AUTO_INCREMENT COMMENT 'ID',
  `item_name` varchar(100) COLLATE utf8mb4_unicode_ci DEFAULT NULL COMMENT '',
  `category` varchar(50) COLLATE utf8mb4_unicode_ci DEFAULT NULL COMMENT '',
  `quantity` int DEFAULT NULL COMMENT '',
  `unit` varchar(20) COLLATE utf8mb4_unicode_ci DEFAULT NULL COMMENT '',
  `purchase_date` date DEFAULT NULL COMMENT '',
  `status` varchar(50) COLLATE utf8mb4_unicode_ci DEFAULT NULL COMMENT '',
  `storage_location` varchar(100) COLLATE utf8mb4_unicode_ci DEFAULT NULL COMMENT '',
  `created_at` datetime DEFAULT CURRENT_TIMESTAMP COMMENT '',
  PRIMARY KEY (`id`)
) ENGINE=InnoDB DEFAULT CHARSET=utf8mb4 COLLATE=utf8mb4_unicode_ci COMMENT='';
/*!40101 SET character_set_client = @saved_cs_client */;

--
-- Dumping data for table `oa_consumable_goods`
--

LOCK TABLES `oa_consumable_goods` WRITE;
/*!40000 ALTER TABLE `oa_consumable_goods` DISABLE KEYS */;
/*!40000 ALTER TABLE `oa_consumable_goods` ENABLE KEYS */;
UNLOCK TABLES;

--
-- Table structure for table `oa_contract_review`
--

DROP TABLE IF EXISTS `oa_contract_review`;
/*!40101 SET @saved_cs_client     = @@character_set_client */;
/*!50503 SET character_set_client = utf8mb4 */;
CREATE TABLE `oa_contract_review` (
  `id` int NOT NULL AUTO_INCREMENT COMMENT 'ID',
  `contract_name` varchar(255) COLLATE utf8mb4_unicode_ci DEFAULT NULL COMMENT '',
  `applicant_name` varchar(100) COLLATE utf8mb4_unicode_ci DEFAULT NULL COMMENT '',
  `department` varchar(100) COLLATE utf8mb4_unicode_ci DEFAULT NULL COMMENT '',
  `contract_type` varchar(50) COLLATE utf8mb4_unicode_ci DEFAULT NULL COMMENT '',
  `submission_date` date DEFAULT NULL COMMENT '',
  `status` varchar(50) COLLATE utf8mb4_unicode_ci DEFAULT NULL COMMENT '',
  `review_comments` text COLLATE utf8mb4_unicode_ci COMMENT '',
  `created_at` datetime DEFAULT CURRENT_TIMESTAMP COMMENT '',
  PRIMARY KEY (`id`)
) ENGINE=InnoDB DEFAULT CHARSET=utf8mb4 COLLATE=utf8mb4_unicode_ci COMMENT='';
/*!40101 SET character_set_client = @saved_cs_client */;

--
-- Dumping data for table `oa_contract_review`
--

LOCK TABLES `oa_contract_review` WRITE;
/*!40000 ALTER TABLE `oa_contract_review` DISABLE KEYS */;
/*!40000 ALTER TABLE `oa_contract_review` ENABLE KEYS */;
UNLOCK TABLES;

--
-- Table structure for table `oa_leave_attachment`
--

DROP TABLE IF EXISTS `oa_leave_attachment`;
/*!40101 SET @saved_cs_client     = @@character_set_client */;
/*!50503 SET character_set_client = utf8mb4 */;
CREATE TABLE `oa_leave_attachment` (
  `id` bigint NOT NULL AUTO_INCREMENT,
  `leave_id` bigint NOT NULL COMMENT 'ID',
  `file_name` varchar(255) COLLATE utf8mb4_unicode_ci NOT NULL COMMENT '',
  `file_path` varchar(512) COLLATE utf8mb4_unicode_ci NOT NULL COMMENT '',
  `file_size` bigint DEFAULT NULL COMMENT '()',
  `file_type` varchar(50) COLLATE utf8mb4_unicode_ci DEFAULT NULL COMMENT '',
  `upload_user_id` bigint NOT NULL COMMENT 'ID',
  `created_at` datetime DEFAULT CURRENT_TIMESTAMP,
  PRIMARY KEY (`id`),
  KEY `leave_id` (`leave_id`),
  CONSTRAINT `oa_leave_attachment_ibfk_1` FOREIGN KEY (`leave_id`) REFERENCES `oa_leave_process` (`id`)
) ENGINE=InnoDB DEFAULT CHARSET=utf8mb4 COLLATE=utf8mb4_unicode_ci;
/*!40101 SET character_set_client = @saved_cs_client */;

--
-- Dumping data for table `oa_leave_attachment`
--

LOCK TABLES `oa_leave_attachment` WRITE;
/*!40000 ALTER TABLE `oa_leave_attachment` DISABLE KEYS */;
/*!40000 ALTER TABLE `oa_leave_attachment` ENABLE KEYS */;
UNLOCK TABLES;

--
-- Table structure for table `oa_leave_process`
--

DROP TABLE IF EXISTS `oa_leave_process`;
/*!40101 SET @saved_cs_client     = @@character_set_client */;
/*!50503 SET character_set_client = utf8mb4 */;
CREATE TABLE `oa_leave_process` (
  `id` bigint NOT NULL AUTO_INCREMENT COMMENT 'ID',
  `user_id` int DEFAULT NULL COMMENT 'ID',
  `process_instance_id` varchar(64) DEFAULT NULL COMMENT 'ID',
  `leave_type` varchar(20) DEFAULT NULL COMMENT '',
  `start_date` datetime DEFAULT NULL COMMENT '',
  `end_date` datetime DEFAULT NULL COMMENT '',
  `reason` varchar(500) DEFAULT NULL COMMENT '',
  `status` varchar(20) DEFAULT 'PENDING' COMMENT '(PENDING/APPROVED/REJECTED)',
  `current_approver` varchar(50) DEFAULT NULL COMMENT '',
  `created_at` datetime DEFAULT NULL COMMENT '',
  `updated_at` datetime DEFAULT NULL COMMENT '',
  PRIMARY KEY (`id`)
) ENGINE=InnoDB AUTO_INCREMENT=1982738976936640515 DEFAULT CHARSET=utf8mb4 COLLATE=utf8mb4_0900_ai_ci COMMENT='';
/*!40101 SET character_set_client = @saved_cs_client */;

--
-- Dumping data for table `oa_leave_process`
--

LOCK TABLES `oa_leave_process` WRITE;
/*!40000 ALTER TABLE `oa_leave_process` DISABLE KEYS */;
INSERT INTO `oa_leave_process` VALUES (1982645136171024386,NULL,'fbb7d5be-b2e1-11f0-a19d-00163e18188c','annual','2025-09-30 16:00:00','2025-09-12 16:00:00','','PENDING',NULL,NULL,NULL),(1982738976936640514,NULL,'1349a098-b316-11f0-a19d-00163e18188c','annual','2025-09-30 16:00:00','2025-10-10 16:00:00','aaa ','PENDING',NULL,NULL,NULL);
/*!40000 ALTER TABLE `oa_leave_process` ENABLE KEYS */;
UNLOCK TABLES;

--
-- Table structure for table `oa_routine_inspection`
--

DROP TABLE IF EXISTS `oa_routine_inspection`;
/*!40101 SET @saved_cs_client     = @@character_set_client */;
/*!50503 SET character_set_client = utf8mb4 */;
CREATE TABLE `oa_routine_inspection` (
  `id` int NOT NULL AUTO_INCREMENT COMMENT 'ID',
  `inspector_name` varchar(100) COLLATE utf8mb4_unicode_ci DEFAULT NULL COMMENT '',
  `inspect_date` date DEFAULT NULL COMMENT '',
  `target_department` varchar(100) COLLATE utf8mb4_unicode_ci DEFAULT NULL COMMENT '',
  `result` text COLLATE utf8mb4_unicode_ci COMMENT '',
  `remarks` text COLLATE utf8mb4_unicode_ci COMMENT '',
  `created_at` datetime DEFAULT CURRENT_TIMESTAMP COMMENT '',
  PRIMARY KEY (`id`)
) ENGINE=InnoDB DEFAULT CHARSET=utf8mb4 COLLATE=utf8mb4_unicode_ci COMMENT='';
/*!40101 SET character_set_client = @saved_cs_client */;

--
-- Dumping data for table `oa_routine_inspection`
--

LOCK TABLES `oa_routine_inspection` WRITE;
/*!40000 ALTER TABLE `oa_routine_inspection` DISABLE KEYS */;
/*!40000 ALTER TABLE `oa_routine_inspection` ENABLE KEYS */;
UNLOCK TABLES;

--
-- Table structure for table `oa_scanner_record`
--

DROP TABLE IF EXISTS `oa_scanner_record`;
/*!40101 SET @saved_cs_client     = @@character_set_client */;
/*!50503 SET character_set_client = utf8mb4 */;
CREATE TABLE `oa_scanner_record` (
  `id` int NOT NULL AUTO_INCREMENT COMMENT 'ID',
  `scanner_id` varchar(50) COLLATE utf8mb4_unicode_ci DEFAULT NULL COMMENT '',
  `operator_name` varchar(100) COLLATE utf8mb4_unicode_ci DEFAULT NULL COMMENT '',
  `use_date` datetime DEFAULT NULL COMMENT '',
  `function_selected` varchar(50) COLLATE utf8mb4_unicode_ci DEFAULT NULL COMMENT '',
  `camera_selected` varchar(50) COLLATE utf8mb4_unicode_ci DEFAULT NULL COMMENT '',
  `remarks` text COLLATE utf8mb4_unicode_ci COMMENT '',
  `created_at` datetime DEFAULT CURRENT_TIMESTAMP COMMENT '',
  PRIMARY KEY (`id`)
) ENGINE=InnoDB DEFAULT CHARSET=utf8mb4 COLLATE=utf8mb4_unicode_ci COMMENT='';
/*!40101 SET character_set_client = @saved_cs_client */;

--
-- Dumping data for table `oa_scanner_record`
--

LOCK TABLES `oa_scanner_record` WRITE;
/*!40000 ALTER TABLE `oa_scanner_record` DISABLE KEYS */;
/*!40000 ALTER TABLE `oa_scanner_record` ENABLE KEYS */;
UNLOCK TABLES;

--
-- Table structure for table `oa_vehicle_management`
--

DROP TABLE IF EXISTS `oa_vehicle_management`;
/*!40101 SET @saved_cs_client     = @@character_set_client */;
/*!50503 SET character_set_client = utf8mb4 */;
CREATE TABLE `oa_vehicle_management` (
  `id` int NOT NULL AUTO_INCREMENT COMMENT 'ID',
  `plate_number` varchar(20) COLLATE utf8mb4_unicode_ci DEFAULT NULL COMMENT '',
  `brand` varchar(50) COLLATE utf8mb4_unicode_ci DEFAULT NULL COMMENT '',
  `model` varchar(50) COLLATE utf8mb4_unicode_ci DEFAULT NULL COMMENT '',
  `department` varchar(100) COLLATE utf8mb4_unicode_ci DEFAULT NULL COMMENT '',
  `mileage` int DEFAULT NULL COMMENT '',
  `fuel_cost` decimal(10,2) DEFAULT NULL COMMENT '',
  `repair_cost` decimal(10,2) DEFAULT NULL COMMENT '',
  `insurance_status` varchar(50) COLLATE utf8mb4_unicode_ci DEFAULT NULL COMMENT '',
  `created_at` datetime DEFAULT CURRENT_TIMESTAMP COMMENT '',
  PRIMARY KEY (`id`)
) ENGINE=InnoDB DEFAULT CHARSET=utf8mb4 COLLATE=utf8mb4_unicode_ci COMMENT='';
/*!40101 SET character_set_client = @saved_cs_client */;

--
-- Dumping data for table `oa_vehicle_management`
--

LOCK TABLES `oa_vehicle_management` WRITE;
/*!40000 ALTER TABLE `oa_vehicle_management` DISABLE KEYS */;
/*!40000 ALTER TABLE `oa_vehicle_management` ENABLE KEYS */;
UNLOCK TABLES;

--
-- Table structure for table `sys_department`
--

DROP TABLE IF EXISTS `sys_department`;
/*!40101 SET @saved_cs_client     = @@character_set_client */;
/*!50503 SET character_set_client = utf8mb4 */;
CREATE TABLE `sys_department` (
  `id` int NOT NULL AUTO_INCREMENT COMMENT 'ID',
  `code` varchar(50) COLLATE utf8mb4_unicode_ci NOT NULL COMMENT '',
  `name` varchar(100) COLLATE utf8mb4_unicode_ci NOT NULL COMMENT '',
  `parent_id` int DEFAULT NULL COMMENT 'ID',
  `leader_id` int DEFAULT NULL COMMENT 'ID',
  `sort_order` int DEFAULT '0' COMMENT '',
  `status` tinyint DEFAULT '1' COMMENT '',
  `created_at` datetime DEFAULT CURRENT_TIMESTAMP COMMENT '',
  PRIMARY KEY (`id`),
  UNIQUE KEY `code` (`code`),
  KEY `parent_id` (`parent_id`),
  CONSTRAINT `sys_department_ibfk_1` FOREIGN KEY (`parent_id`) REFERENCES `sys_department` (`id`)
) ENGINE=InnoDB AUTO_INCREMENT=7 DEFAULT CHARSET=utf8mb4 COLLATE=utf8mb4_unicode_ci COMMENT='';
/*!40101 SET character_set_client = @saved_cs_client */;

--
-- Dumping data for table `sys_department`
--

LOCK TABLES `sys_department` WRITE;
/*!40000 ALTER TABLE `sys_department` DISABLE KEYS */;
INSERT INTO `sys_department` VALUES (1,'DEPT001','',NULL,NULL,1,1,'2025-10-28 01:24:59'),(2,'DEPT002','',NULL,NULL,2,1,'2025-10-28 01:24:59'),(3,'DEPT003','',NULL,NULL,3,1,'2025-10-28 01:24:59'),(4,'DEPT004','',NULL,NULL,4,1,'2025-10-28 01:24:59'),(5,'DEPT005','',NULL,NULL,5,1,'2025-10-28 01:24:59'),(6,'DEPT006','',NULL,NULL,6,1,'2025-10-28 01:24:59');
/*!40000 ALTER TABLE `sys_department` ENABLE KEYS */;
UNLOCK TABLES;

--
-- Table structure for table `sys_permission`
--

DROP TABLE IF EXISTS `sys_permission`;
/*!40101 SET @saved_cs_client     = @@character_set_client */;
/*!50503 SET character_set_client = utf8mb4 */;
CREATE TABLE `sys_permission` (
  `id` int NOT NULL AUTO_INCREMENT COMMENT 'ID',
  `code` varchar(100) COLLATE utf8mb4_unicode_ci NOT NULL COMMENT '',
  `name` varchar(100) COLLATE utf8mb4_unicode_ci NOT NULL COMMENT '',
  `description` varchar(255) COLLATE utf8mb4_unicode_ci DEFAULT NULL COMMENT '',
  `resource_type` varchar(50) COLLATE utf8mb4_unicode_ci DEFAULT NULL COMMENT '(//API)',
  `resource_path` varchar(255) COLLATE utf8mb4_unicode_ci DEFAULT NULL COMMENT '',
  `created_at` datetime DEFAULT CURRENT_TIMESTAMP COMMENT '',
  `updated_at` datetime DEFAULT CURRENT_TIMESTAMP ON UPDATE CURRENT_TIMESTAMP COMMENT '',
  PRIMARY KEY (`id`),
  UNIQUE KEY `code` (`code`)
) ENGINE=InnoDB AUTO_INCREMENT=48 DEFAULT CHARSET=utf8mb4 COLLATE=utf8mb4_unicode_ci COMMENT='';
/*!40101 SET character_set_client = @saved_cs_client */;

--
-- Dumping data for table `sys_permission`
--

LOCK TABLES `sys_permission` WRITE;
/*!40000 ALTER TABLE `sys_permission` DISABLE KEYS */;
INSERT INTO `sys_permission` VALUES (6,'USER:NORMAL','','','API',NULL,'2025-10-28 01:02:18','2025-10-28 01:02:18'),(7,'LEAVE:APPLY','','','MENU',NULL,'2025-10-28 01:02:18','2025-10-28 01:02:18'),(8,'LEAVE:CANCEL_APPLY','','','BUTTON',NULL,'2025-10-28 01:02:18','2025-10-28 01:02:18'),(9,'LEAVE:VIEW_SELF','','','MENU',NULL,'2025-10-28 01:02:18','2025-10-28 01:02:18'),(10,'LEAVE:VIEW_DEPT','','','MENU',NULL,'2025-10-28 01:02:18','2025-10-28 01:02:18'),(11,'LEAVE:VIEW_ALL','','','MENU',NULL,'2025-10-28 01:02:18','2025-10-28 01:02:18'),(12,'LEAVE:APPROVE_HALF_DAY','','','API',NULL,'2025-10-28 01:02:18','2025-10-28 01:02:18'),(13,'LEAVE:APPROVE_3DAY','','','API',NULL,'2025-10-28 01:02:18','2025-10-28 01:02:18'),(14,'LEAVE:APPROVE_LONG','','','API',NULL,'2025-10-28 01:02:18','2025-10-28 01:02:18'),(15,'LEAVE:APPROVE_LEADER','','','API',NULL,'2025-10-28 01:02:18','2025-10-28 01:02:18'),(16,'LEAVE:STAT_DEPT','','','MENU',NULL,'2025-10-28 01:02:18','2025-10-28 01:02:18'),(17,'LEAVE:STAT_ALL','','','MENU',NULL,'2025-10-28 01:02:18','2025-10-28 01:02:18'),(18,'LEAVE:EXPORT','','','BUTTON',NULL,'2025-10-28 01:02:18','2025-10-28 01:02:18'),(19,'VEHICLE:RECORD','','','MENU',NULL,'2025-10-28 01:02:18','2025-10-28 01:02:18'),(20,'VEHICLE:UPLOAD','','','BUTTON',NULL,'2025-10-28 01:02:18','2025-10-28 01:02:18'),(21,'VEHICLE:VIEW','','','MENU',NULL,'2025-10-28 01:02:18','2025-10-28 01:02:18'),(22,'VEHICLE:STAT','','','MENU',NULL,'2025-10-28 01:02:18','2025-10-28 01:02:18'),(23,'VEHICLE:EXPORT','','','BUTTON',NULL,'2025-10-28 01:02:18','2025-10-28 01:02:18'),(24,'VEHICLE:MANAGE','','','MENU',NULL,'2025-10-28 01:02:18','2025-10-28 01:02:18'),(25,'NOTICE:VIEW','','','MENU',NULL,'2025-10-28 01:02:18','2025-10-28 01:02:18'),(26,'NOTICE:MANAGE','','//','MENU',NULL,'2025-10-28 01:02:18','2025-10-28 01:02:18'),(27,'NOTICE:STAT','','','MENU',NULL,'2025-10-28 01:02:18','2025-10-28 01:02:18'),(28,'NOTICE:EXPORT_UNREAD','','','BUTTON',NULL,'2025-10-28 01:02:18','2025-10-28 01:02:18'),(29,'NOTICE:SUPERVISE','','','MENU',NULL,'2025-10-28 01:02:18','2025-10-28 01:02:18'),(30,'NOTICE:FEEDBACK','','','BUTTON',NULL,'2025-10-28 01:02:18','2025-10-28 01:02:18'),(31,'SUPPLY:APPLY','','','MENU',NULL,'2025-10-28 01:02:18','2025-10-28 01:02:18'),(32,'SUPPLY:APPROVE_DEPT','','','API',NULL,'2025-10-28 01:02:18','2025-10-28 01:02:18'),(33,'SUPPLY:APPROVE_IT','','','API',NULL,'2025-10-28 01:02:18','2025-10-28 01:02:18'),(34,'SUPPLY:APPROVE_QUALITY','','','API',NULL,'2025-10-28 01:02:18','2025-10-28 01:02:18'),(35,'SUPPLY:APPROVE_FINAL','','','API',NULL,'2025-10-28 01:02:18','2025-10-28 01:02:18'),(36,'SUPPLY:MANAGE','','','MENU',NULL,'2025-10-28 01:02:18','2025-10-28 01:02:18'),(37,'SUPPLY:STAT','','','MENU',NULL,'2025-10-28 01:02:18','2025-10-28 01:02:18'),(38,'SUPPLY:EXPORT','','','BUTTON',NULL,'2025-10-28 01:02:18','2025-10-28 01:02:18'),(39,'SUPPLY:IMPORT','','Excel','BUTTON',NULL,'2025-10-28 01:02:18','2025-10-28 01:02:18'),(40,'CONTRACT:UPLOAD','','','BUTTON',NULL,'2025-10-28 01:02:18','2025-10-28 01:02:18'),(41,'CONTRACT:MODIFY','','','BUTTON',NULL,'2025-10-28 01:02:18','2025-10-28 01:02:18'),(42,'CONTRACT:LEGAL_REVIEW','','','API',NULL,'2025-10-28 01:02:18','2025-10-28 01:02:18'),(43,'CONTRACT:COUNTERSIGN','','','API',NULL,'2025-10-28 01:02:18','2025-10-28 01:02:18'),(44,'CONTRACT:FINAL_CONFIRM','','','API',NULL,'2025-10-28 01:02:18','2025-10-28 01:02:18'),(45,'CONTRACT:VIEW_DEPT','','','MENU',NULL,'2025-10-28 01:02:18','2025-10-28 01:02:18'),(46,'CONTRACT:VIEW_ALL','','','MENU',NULL,'2025-10-28 01:02:18','2025-10-28 01:02:18'),(47,'CONTRACT:DOWNLOAD','','','BUTTON',NULL,'2025-10-28 01:02:18','2025-10-28 01:02:18');
/*!40000 ALTER TABLE `sys_permission` ENABLE KEYS */;
UNLOCK TABLES;

--
-- Table structure for table `sys_role`
--

DROP TABLE IF EXISTS `sys_role`;
/*!40101 SET @saved_cs_client     = @@character_set_client */;
/*!50503 SET character_set_client = utf8mb4 */;
CREATE TABLE `sys_role` (
  `id` int NOT NULL AUTO_INCREMENT COMMENT 'ID',
  `code` varchar(50) COLLATE utf8mb4_unicode_ci NOT NULL COMMENT '',
  `name` varchar(100) COLLATE utf8mb4_unicode_ci NOT NULL COMMENT '',
  `description` varchar(255) COLLATE utf8mb4_unicode_ci DEFAULT NULL COMMENT '',
  `created_at` datetime DEFAULT CURRENT_TIMESTAMP COMMENT '',
  `updated_at` datetime DEFAULT CURRENT_TIMESTAMP ON UPDATE CURRENT_TIMESTAMP COMMENT '',
  PRIMARY KEY (`id`),
  UNIQUE KEY `code` (`code`)
) ENGINE=InnoDB AUTO_INCREMENT=16 DEFAULT CHARSET=utf8mb4 COLLATE=utf8mb4_unicode_ci COMMENT='';
/*!40101 SET character_set_client = @saved_cs_client */;

--
-- Dumping data for table `sys_role`
--

LOCK TABLES `sys_role` WRITE;
/*!40000 ALTER TABLE `sys_role` DISABLE KEYS */;
INSERT INTO `sys_role` VALUES (4,'ROLE_EMPLOYEE','','','2025-10-28 01:09:06','2025-10-28 01:09:06'),(5,'ROLE_DEPT_MANAGER','','','2025-10-28 01:09:06','2025-10-28 01:09:06'),(6,'ROLE_VICE_LEADER','','','2025-10-28 01:09:06','2025-10-28 01:09:06'),(7,'ROLE_MAIN_LEADER','','','2025-10-28 01:09:06','2025-10-28 01:09:06'),(8,'ROLE_ADMIN_OFFICE','','','2025-10-28 01:09:06','2025-10-28 01:09:06'),(9,'ROLE_LOGISTICS','','','2025-10-28 01:09:06','2025-10-28 01:09:06'),(10,'ROLE_FLEET_MANAGER','','','2025-10-28 01:09:06','2025-10-28 01:09:06'),(11,'ROLE_IT_CENTER','','','2025-10-28 01:09:06','2025-10-28 01:09:06'),(12,'ROLE_QUALITY_CENTER','','','2025-10-28 01:09:06','2025-10-28 01:09:06'),(13,'ROLE_MANAGEMENT_DEPT','','','2025-10-28 01:09:06','2025-10-28 01:09:06'),(14,'ROLE_DEPT_SPECIAL','','','2025-10-28 01:09:06','2025-10-28 01:09:06'),(15,'SUPER_ADMIN','','','2025-10-28 01:14:14','2025-10-28 01:14:14');
/*!40000 ALTER TABLE `sys_role` ENABLE KEYS */;
UNLOCK TABLES;

--
-- Table structure for table `sys_role_permission`
--

DROP TABLE IF EXISTS `sys_role_permission`;
/*!40101 SET @saved_cs_client     = @@character_set_client */;
/*!50503 SET character_set_client = utf8mb4 */;
CREATE TABLE `sys_role_permission` (
  `id` int NOT NULL AUTO_INCREMENT COMMENT 'ID',
  `role_id` int NOT NULL COMMENT 'ID',
  `permission_id` int NOT NULL COMMENT 'ID',
  `created_at` datetime DEFAULT CURRENT_TIMESTAMP COMMENT '',
  PRIMARY KEY (`id`),
  UNIQUE KEY `uk_role_permission` (`role_id`,`permission_id`)
) ENGINE=InnoDB AUTO_INCREMENT=138 DEFAULT CHARSET=utf8mb4 COLLATE=utf8mb4_unicode_ci COMMENT='';
/*!40101 SET character_set_client = @saved_cs_client */;

--
-- Dumping data for table `sys_role_permission`
--

LOCK TABLES `sys_role_permission` WRITE;
/*!40000 ALTER TABLE `sys_role_permission` DISABLE KEYS */;
INSERT INTO `sys_role_permission` VALUES (10,8,6,'2025-10-28 01:10:17'),(11,5,6,'2025-10-28 01:10:17'),(12,14,6,'2025-10-28 01:10:17'),(13,4,6,'2025-10-28 01:10:17'),(14,10,6,'2025-10-28 01:10:17'),(15,11,6,'2025-10-28 01:10:17'),(16,9,6,'2025-10-28 01:10:17'),(17,7,6,'2025-10-28 01:10:17'),(18,13,6,'2025-10-28 01:10:17'),(19,12,6,'2025-10-28 01:10:17'),(20,6,6,'2025-10-28 01:10:17'),(25,4,7,'2025-10-28 01:11:12'),(26,4,8,'2025-10-28 01:11:12'),(27,4,9,'2025-10-28 01:11:12'),(28,4,30,'2025-10-28 01:11:12'),(29,4,25,'2025-10-28 01:11:12'),(32,5,45,'2025-10-28 01:11:12'),(33,5,12,'2025-10-28 01:11:12'),(34,5,16,'2025-10-28 01:11:12'),(35,5,10,'2025-10-28 01:11:12'),(36,5,32,'2025-10-28 01:11:12'),(39,6,45,'2025-10-28 01:11:12'),(40,6,13,'2025-10-28 01:11:12'),(41,6,16,'2025-10-28 01:11:12'),(42,6,10,'2025-10-28 01:11:12'),(43,6,22,'2025-10-28 01:11:12'),(44,6,21,'2025-10-28 01:11:12'),(46,7,46,'2025-10-28 01:11:12'),(47,7,15,'2025-10-28 01:11:12'),(48,7,14,'2025-10-28 01:11:12'),(49,7,17,'2025-10-28 01:11:12'),(50,7,11,'2025-10-28 01:11:12'),(51,7,22,'2025-10-28 01:11:12'),(52,7,21,'2025-10-28 01:11:12'),(53,8,47,'2025-10-28 01:11:12'),(54,8,44,'2025-10-28 01:11:12'),(55,8,42,'2025-10-28 01:11:12'),(56,8,46,'2025-10-28 01:11:12'),(57,8,13,'2025-10-28 01:11:12'),(58,8,12,'2025-10-28 01:11:12'),(59,8,18,'2025-10-28 01:11:12'),(60,8,16,'2025-10-28 01:11:12'),(61,8,11,'2025-10-28 01:11:12'),(62,8,28,'2025-10-28 01:11:12'),(63,8,26,'2025-10-28 01:11:12'),(64,8,27,'2025-10-28 01:11:12'),(65,8,29,'2025-10-28 01:11:12'),(68,9,35,'2025-10-28 01:11:12'),(69,9,38,'2025-10-28 01:11:12'),(70,9,39,'2025-10-28 01:11:12'),(71,9,36,'2025-10-28 01:11:12'),(72,9,37,'2025-10-28 01:11:12'),(73,9,23,'2025-10-28 01:11:12'),(74,9,22,'2025-10-28 01:11:12'),(75,9,21,'2025-10-28 01:11:12'),(83,10,19,'2025-10-28 01:11:12'),(84,10,22,'2025-10-28 01:11:12'),(85,10,20,'2025-10-28 01:11:12'),(86,10,21,'2025-10-28 01:11:12'),(90,11,33,'2025-10-28 01:11:12'),(91,12,34,'2025-10-28 01:11:12'),(92,13,43,'2025-10-28 01:11:12'),(93,13,45,'2025-10-28 01:11:12'),(95,14,31,'2025-10-28 01:11:12'),(96,15,43,'2025-10-28 01:15:54'),(97,15,47,'2025-10-28 01:15:54'),(98,15,44,'2025-10-28 01:15:54'),(99,15,42,'2025-10-28 01:15:54'),(100,15,41,'2025-10-28 01:15:54'),(101,15,40,'2025-10-28 01:15:54'),(102,15,46,'2025-10-28 01:15:54'),(103,15,45,'2025-10-28 01:15:54'),(104,15,7,'2025-10-28 01:15:54'),(105,15,13,'2025-10-28 01:15:54'),(106,15,12,'2025-10-28 01:15:54'),(107,15,15,'2025-10-28 01:15:54'),(108,15,14,'2025-10-28 01:15:54'),(109,15,8,'2025-10-28 01:15:54'),(110,15,18,'2025-10-28 01:15:54'),(111,15,17,'2025-10-28 01:15:54'),(112,15,16,'2025-10-28 01:15:54'),(113,15,11,'2025-10-28 01:15:54'),(114,15,10,'2025-10-28 01:15:54'),(115,15,9,'2025-10-28 01:15:54'),(116,15,28,'2025-10-28 01:15:54'),(117,15,30,'2025-10-28 01:15:54'),(118,15,26,'2025-10-28 01:15:54'),(119,15,27,'2025-10-28 01:15:54'),(120,15,29,'2025-10-28 01:15:54'),(121,15,25,'2025-10-28 01:15:54'),(122,15,31,'2025-10-28 01:15:54'),(123,15,32,'2025-10-28 01:15:54'),(124,15,35,'2025-10-28 01:15:54'),(125,15,33,'2025-10-28 01:15:54'),(126,15,34,'2025-10-28 01:15:54'),(127,15,38,'2025-10-28 01:15:54'),(128,15,39,'2025-10-28 01:15:54'),(129,15,36,'2025-10-28 01:15:54'),(130,15,37,'2025-10-28 01:15:54'),(131,15,6,'2025-10-28 01:15:54'),(132,15,23,'2025-10-28 01:15:54'),(133,15,24,'2025-10-28 01:15:54'),(134,15,19,'2025-10-28 01:15:54'),(135,15,22,'2025-10-28 01:15:54'),(136,15,20,'2025-10-28 01:15:54'),(137,15,21,'2025-10-28 01:15:54');
/*!40000 ALTER TABLE `sys_role_permission` ENABLE KEYS */;
UNLOCK TABLES;

--
-- Table structure for table `sys_user`
--

DROP TABLE IF EXISTS `sys_user`;
/*!40101 SET @saved_cs_client     = @@character_set_client */;
/*!50503 SET character_set_client = utf8mb4 */;
CREATE TABLE `sys_user` (
  `id` int NOT NULL AUTO_INCREMENT COMMENT 'ID',
  `username` varchar(50) COLLATE utf8mb4_unicode_ci NOT NULL COMMENT '',
  `password` varchar(255) COLLATE utf8mb4_unicode_ci NOT NULL COMMENT '',
  `nickname` varchar(100) COLLATE utf8mb4_unicode_ci DEFAULT NULL COMMENT '',
  `email` varchar(100) COLLATE utf8mb4_unicode_ci DEFAULT NULL COMMENT '',
  `phone` varchar(20) COLLATE utf8mb4_unicode_ci DEFAULT NULL COMMENT '',
  `avatar` varchar(255) COLLATE utf8mb4_unicode_ci DEFAULT NULL COMMENT '',
  `status` tinyint DEFAULT '1' COMMENT '(0:,1:)',
  `created_at` datetime DEFAULT CURRENT_TIMESTAMP COMMENT '',
  `updated_at` datetime DEFAULT CURRENT_TIMESTAMP ON UPDATE CURRENT_TIMESTAMP COMMENT '',
  `department_id` int DEFAULT NULL COMMENT 'ID',
  `job_title` varchar(100) COLLATE utf8mb4_unicode_ci DEFAULT NULL COMMENT '',
  PRIMARY KEY (`id`),
  UNIQUE KEY `username` (`username`),
  KEY `department_id` (`department_id`),
  CONSTRAINT `sys_user_ibfk_1` FOREIGN KEY (`department_id`) REFERENCES `sys_department` (`id`)
) ENGINE=InnoDB AUTO_INCREMENT=31 DEFAULT CHARSET=utf8mb4 COLLATE=utf8mb4_unicode_ci COMMENT='';
/*!40101 SET character_set_client = @saved_cs_client */;

--
-- Dumping data for table `sys_user`
--

LOCK TABLES `sys_user` WRITE;
/*!40000 ALTER TABLE `sys_user` DISABLE KEYS */;
INSERT INTO `sys_user` VALUES (19,'super_admin','123','','super_admin@example.com','13800138000',NULL,1,'2025-10-28 01:25:23','2025-10-28 17:45:10',NULL,''),(20,'employee001','123','','employee001@example.com','13800138001',NULL,1,'2025-10-28 01:25:23','2025-10-28 17:45:10',1,''),(21,'dept_manager','123','','dept_manager@example.com','13800138002',NULL,1,'2025-10-28 01:25:23','2025-10-28 17:45:10',1,''),(22,'vice_leader','123','','vice_leader@example.com','13800138003',NULL,1,'2025-10-28 01:25:23','2025-10-28 17:45:10',NULL,''),(23,'main_leader','123','','main_leader@example.com','13800138004',NULL,1,'2025-10-28 01:25:23','2025-10-28 17:45:10',NULL,''),(24,'admin_office','123','','admin_office@example.com','13800138005',NULL,1,'2025-10-28 01:25:23','2025-10-28 17:45:10',2,''),(25,'logistics','123','','logistics@example.com','13800138006',NULL,1,'2025-10-28 01:25:23','2025-10-28 17:45:10',3,''),(26,'fleet_manager','123','','fleet_manager@example.com','13800138007',NULL,1,'2025-10-28 01:25:23','2025-10-28 17:45:10',3,''),(27,'it_center','123','','it_center@example.com','13800138008',NULL,1,'2025-10-28 01:25:23','2025-10-28 17:45:10',4,''),(28,'quality_center','123','','quality_center@example.com','13800138009',NULL,1,'2025-10-28 01:25:23','2025-10-28 17:45:10',5,''),(29,'management_dept','123','','management_dept@example.com','13800138010',NULL,1,'2025-10-28 01:25:23','2025-10-28 17:45:10',6,''),(30,'dept_special','123','','dept_special@example.com','13800138011',NULL,1,'2025-10-28 01:25:23','2025-10-28 17:45:10',1,'');
/*!40000 ALTER TABLE `sys_user` ENABLE KEYS */;
UNLOCK TABLES;

--
-- Table structure for table `sys_user_role`
--

DROP TABLE IF EXISTS `sys_user_role`;
/*!40101 SET @saved_cs_client     = @@character_set_client */;
/*!50503 SET character_set_client = utf8mb4 */;
CREATE TABLE `sys_user_role` (
  `id` int NOT NULL AUTO_INCREMENT COMMENT 'ID',
  `user_id` int NOT NULL COMMENT 'ID',
  `role_id` int NOT NULL COMMENT 'ID',
  `created_at` datetime DEFAULT CURRENT_TIMESTAMP COMMENT '',
  PRIMARY KEY (`id`),
  UNIQUE KEY `uk_user_role` (`user_id`,`role_id`)
) ENGINE=InnoDB AUTO_INCREMENT=21 DEFAULT CHARSET=utf8mb4 COLLATE=utf8mb4_unicode_ci COMMENT='';
/*!40101 SET character_set_client = @saved_cs_client */;

--
-- Dumping data for table `sys_user_role`
--

LOCK TABLES `sys_user_role` WRITE;
/*!40000 ALTER TABLE `sys_user_role` DISABLE KEYS */;
INSERT INTO `sys_user_role` VALUES (4,19,15,'2025-10-28 01:30:10'),(5,20,4,'2025-10-28 01:30:10'),(6,21,5,'2025-10-28 01:30:10'),(7,22,6,'2025-10-28 01:30:10'),(8,23,7,'2025-10-28 01:30:10'),(9,24,8,'2025-10-28 01:30:10'),(10,25,9,'2025-10-28 01:30:10'),(11,26,10,'2025-10-28 01:30:10'),(12,27,11,'2025-10-28 01:30:10'),(13,28,12,'2025-10-28 01:30:10'),(14,29,13,'2025-10-28 01:30:10'),(15,30,14,'2025-10-28 01:30:10'),(16,21,4,'2025-10-28 01:30:30'),(17,22,4,'2025-10-28 01:30:30'),(18,23,4,'2025-10-28 01:30:30'),(19,24,4,'2025-10-28 01:30:30'),(20,30,4,'2025-10-28 01:30:30');
/*!40000 ALTER TABLE `sys_user_role` ENABLE KEYS */;
UNLOCK TABLES;

--
-- Dumping events for database 'oa_service'
--

--
-- Dumping routines for database 'oa_service'
--
/*!40103 SET TIME_ZONE=@OLD_TIME_ZONE */;

/*!40101 SET SQL_MODE=@OLD_SQL_MODE */;
/*!40014 SET FOREIGN_KEY_CHECKS=@OLD_FOREIGN_KEY_CHECKS */;
/*!40014 SET UNIQUE_CHECKS=@OLD_UNIQUE_CHECKS */;
/*!40101 SET CHARACTER_SET_CLIENT=@OLD_CHARACTER_SET_CLIENT */;
/*!40101 SET CHARACTER_SET_RESULTS=@OLD_CHARACTER_SET_RESULTS */;
/*!40101 SET COLLATION_CONNECTION=@OLD_COLLATION_CONNECTION */;
/*!40111 SET SQL_NOTES=@OLD_SQL_NOTES */;

-- Dump completed on 2025-10-30 22:17:47
